AAAAAA	456
AAAAAC	89
AAAAAG	230
AAAAAT	248
AAAACA	78
AAAACC	58
AAAACG	45
AAAACT	64
AAAAGA	233
AAAAGC	68
AAAAGG	109
AAAAGT	83
AAAATA	194
AAAATC	137
AAAATG	101
AAAATT	173
AAACAA	106
AAACAC	29
AAACAG	35
AAACAT	51
AAACCA	59
AAACCC	41
AAACCG	23
AAACCT	49
AAACGA	51
AAACGC	19
AAACGG	37
AAACGT	13
AAACTA	62
AAACTC	41
AAACTG	28
AAACTT	69
AAAGAA	232
AAAGAC	59
AAAGAG	102
AAAGAT	137
AAAGCA	49
AAAGCC	37
AAAGCG	26
AAAGCT	43
AAAGGA	106
AAAGGC	33
AAAGGG	87
AAAGGT	53
AAAGTA	66
AAAGTC	46
AAAGTG	41
AAAGTT	70
AAATAA	215
AAATAC	80
AAATAG	134
AAATAT	155
AAATCA	103
AAATCC	103
AAATCG	69
AAATCT	87
AAATGA	126
AAATGC	40
AAATGG	94
AAATGT	48
AAATTA	106
AAATTC	135
AAATTG	125
AAATTT	146
AACAAA	117
AACAAC	40
AACAAG	70
AACAAT	77
AACACA	23
AACACC	16
AACACG	7
AACACT	18
AACAGA	37
AACAGC	22
AACAGG	39
AACAGT	26
AACATA	69
AACATC	28
AACATG	33
AACATT	47
AACCAA	87
AACCAC	25
AACCAG	25
AACCAT	57
AACCCA	56
AACCCC	41
AACCCG	36
AACCCT	44
AACCGA	31
AACCGC	20
AACCGG	24
AACCGT	26
AACCTA	43
AACCTC	28
AACCTG	18
AACCTT	49
AACGAA	64
AACGAC	25
AACGAG	28
AACGAT	35
AACGCA	17
AACGCC	14
AACGCG	12
AACGCT	19
AACGGA	48
AACGGC	14
AACGGG	24
AACGGT	14
AACGTA	19
AACGTC	15
AACGTG	5
AACGTT	10
AACTAA	67
AACTAC	29
AACTAG	45
AACTAT	54
AACTCA	44
AACTCC	50
AACTCG	22
AACTCT	50
AACTGA	33
AACTGC	22
AACTGG	18
AACTGT	21
AACTTA	43
AACTTC	42
AACTTG	43
AACTTT	72
AAGAAA	230
AAGAAC	61
AAGAAG	120
AAGAAT	146
AAGACA	34
AAGACC	42
AAGACG	25
AAGACT	37
AAGAGA	102
AAGAGC	33
AAGAGG	45
AAGAGT	53
AAGATA	91
AAGATC	85
AAGATG	48
AAGATT	81
AAGCAA	53
AAGCAC	24
AAGCAG	30
AAGCAT	39
AAGCCA	34
AAGCCC	23
AAGCCG	22
AAGCCT	24
AAGCGA	21
AAGCGC	11
AAGCGG	26
AAGCGT	22
AAGCTA	31
AAGCTC	31
AAGCTG	20
AAGCTT	41
AAGGAA	98
AAGGAC	24
AAGGAG	35
AAGGAT	80
AAGGCA	27
AAGGCC	22
AAGGCG	29
AAGGCT	21
AAGGGA	59
AAGGGC	36
AAGGGG	66
AAGGGT	50
AAGGTA	44
AAGGTC	27
AAGGTG	24
AAGGTT	46
AAGTAA	88
AAGTAC	30
AAGTAG	42
AAGTAT	50
AAGTCA	27
AAGTCC	31
AAGTCG	33
AAGTCT	30
AAGTGA	46
AAGTGC	18
AAGTGG	42
AAGTGT	26
AAGTTA	39
AAGTTC	62
AAGTTG	39
AAGTTT	66
AATAAA	211
AATAAC	76
AATAAG	103
AATAAT	145
AATACA	69
AATACC	59
AATACG	43
AATACT	56
AATAGA	150
AATAGC	52
AATAGG	95
AATAGT	71
AATATA	107
AATATC	97
AATATG	58
AATATT	149
AATCAA	148
AATCAC	37
AATCAG	37
AATCAT	82
AATCCA	84
AATCCC	67
AATCCG	47
AATCCT	97
AATCGA	96
AATCGC	29
AATCGG	46
AATCGT	51
AATCTA	71
AATCTC	49
AATCTG	39
AATCTT	96
AATGAA	145
AATGAC	46
AATGAG	56
AATGAT	99
AATGCA	43
AATGCC	33
AATGCG	22
AATGCT	42
AATGGA	85
AATGGC	33
AATGGG	61
AATGGT	51
AATGTA	51
AATGTC	23
AATGTG	37
AATGTT	34
AATTAA	101
AATTAC	61
AATTAG	72
AATTAT	99
AATTCA	133
AATTCC	111
AATTCG	82
AATTCT	128
AATTGA	141
AATTGC	53
AATTGG	95
AATTGT	88
AATTTA	84
AATTTC	125
AATTTG	96
AATTTT	189
ACAAAA	121
ACAAAC	37
ACAAAG	52
ACAAAT	87
ACAACA	29
ACAACC	27
ACAACG	22
ACAACT	25
ACAAGA	52
ACAAGC	35
ACAAGG	25
ACAAGT	36
ACAATA	60
ACAATC	33
ACAATG	29
ACAATT	81
ACACAA	25
ACACAC	10
ACACAG	15
ACACAT	37
ACACCA	28
ACACCC	11
ACACCG	9
ACACCT	14
ACACGA	16
ACACGC	6
ACACGG	12
ACACGT	9
ACACTA	14
ACACTC	12
ACACTG	10
ACACTT	22
ACAGAA	50
ACAGAC	14
ACAGAG	17
ACAGAT	34
ACAGCA	20
ACAGCC	22
ACAGCG	5
ACAGCT	25
ACAGGA	31
ACAGGC	17
ACAGGG	20
ACAGGT	29
ACAGTA	20
ACAGTC	17
ACAGTG	11
ACAGTT	21
ACATAA	67
ACATAC	26
ACATAG	43
ACATAT	69
ACATCA	30
ACATCC	30
ACATCG	18
ACATCT	46
ACATGA	31
ACATGC	24
ACATGG	14
ACATGT	31
ACATTA	32
ACATTC	43
ACATTG	34
ACATTT	63
ACCAAA	77
ACCAAC	49
ACCAAG	49
ACCAAT	67
ACCACA	25
ACCACC	20
ACCACG	11
ACCACT	22
ACCAGA	30
ACCAGC	17
ACCAGG	17
ACCAGT	15
ACCATA	46
ACCATC	29
ACCATG	18
ACCATT	44
ACCCAA	48
ACCCAC	20
ACCCAG	29
ACCCAT	48
ACCCCA	43
ACCCCC	40
ACCCCG	21
ACCCCT	43
ACCCGA	26
ACCCGC	21
ACCCGG	20
ACCCGT	27
ACCCTA	24
ACCCTC	21
ACCCTG	24
ACCCTT	57
ACCGAA	32
ACCGAC	11
ACCGAG	18
ACCGAT	34
ACCGCA	10
ACCGCC	18
ACCGCG	11
ACCGCT	20
ACCGGA	24
ACCGGC	10
ACCGGG	17
ACCGGT	21
ACCGTA	25
ACCGTC	19
ACCGTG	7
ACCGTT	18
ACCTAA	35
ACCTAC	27
ACCTAG	20
ACCTAT	41
ACCTCA	19
ACCTCC	29
ACCTCG	18
ACCTCT	34
ACCTGA	19
ACCTGC	16
ACCTGG	20
ACCTGT	18
ACCTTA	25
ACCTTC	31
ACCTTG	34
ACCTTT	52
ACGAAA	67
ACGAAC	27
ACGAAG	29
ACGAAT	45
ACGACA	9
ACGACC	18
ACGACG	17
ACGACT	17
ACGAGA	26
ACGAGC	19
ACGAGG	10
ACGAGT	18
ACGATA	31
ACGATC	21
ACGATG	21
ACGATT	39
ACGCAA	17
ACGCAC	9
ACGCAG	4
ACGCAT	11
ACGCCA	11
ACGCCC	19
ACGCCG	3
ACGCCT	20
ACGCGA	9
ACGCGC	6
ACGCGG	8
ACGCGT	11
ACGCTA	7
ACGCTC	18
ACGCTG	9
ACGCTT	17
ACGGAA	43
ACGGAC	13
ACGGAG	22
ACGGAT	36
ACGGCA	8
ACGGCC	14
ACGGCG	13
ACGGCT	24
ACGGGA	22
ACGGGC	14
ACGGGG	20
ACGGGT	16
ACGGTA	16
ACGGTC	6
ACGGTG	13
ACGGTT	20
ACGTAA	24
ACGTAC	9
ACGTAG	12
ACGTAT	23
ACGTCA	14
ACGTCC	14
ACGTCG	10
ACGTCT	17
ACGTGA	18
ACGTGC	11
ACGTGG	7
ACGTGT	14
ACGTTA	4
ACGTTC	23
ACGTTG	12
ACGTTT	19
ACTAAA	58
ACTAAC	21
ACTAAG	32
ACTAAT	71
ACTACA	15
ACTACC	16
ACTACG	16
ACTACT	31
ACTAGA	39
ACTAGC	23
ACTAGG	19
ACTAGT	19
ACTATA	44
ACTATC	25
ACTATG	34
ACTATT	56
ACTCAA	49
ACTCAC	17
ACTCAG	9
ACTCAT	41
ACTCCA	28
ACTCCC	33
ACTCCG	26
ACTCCT	39
ACTCGA	38
ACTCGC	8
ACTCGG	19
ACTCGT	16
ACTCTA	41
ACTCTC	25
ACTCTG	19
ACTCTT	51
ACTGAA	40
ACTGAC	8
ACTGAG	19
ACTGAT	34
ACTGCA	24
ACTGCC	18
ACTGCG	12
ACTGCT	28
ACTGGA	28
ACTGGC	5
ACTGGG	9
ACTGGT	26
ACTGTA	21
ACTGTC	9
ACTGTG	7
ACTGTT	25
ACTTAA	41
ACTTAC	22
ACTTAG	25
ACTTAT	51
ACTTCA	38
ACTTCC	45
ACTTCG	33
ACTTCT	57
ACTTGA	46
ACTTGC	16
ACTTGG	39
ACTTGT	41
ACTTTA	33
ACTTTC	60
ACTTTG	35
ACTTTT	85
AGAAAA	185
AGAAAC	56
AGAAAG	111
AGAAAT	163
AGAACA	47
AGAACC	51
AGAACG	23
AGAACT	45
AGAAGA	103
AGAAGC	39
AGAAGG	74
AGAAGT	55
AGAATA	101
AGAATC	80
AGAATG	62
AGAATT	119
AGACAA	36
AGACAC	16
AGACAG	22
AGACAT	35
AGACCA	31
AGACCC	33
AGACCG	18
AGACCT	28
AGACGA	24
AGACGC	13
AGACGG	15
AGACGT	14
AGACTA	19
AGACTC	26
AGACTG	9
AGACTT	33
AGAGAA	84
AGAGAC	26
AGAGAG	43
AGAGAT	81
AGAGCA	21
AGAGCC	24
AGAGCG	22
AGAGCT	34
AGAGGA	52
AGAGGC	20
AGAGGG	37
AGAGGT	22
AGAGTA	44
AGAGTC	32
AGAGTG	17
AGAGTT	52
AGATAA	79
AGATAC	51
AGATAG	47
AGATAT	95
AGATCA	46
AGATCC	71
AGATCG	39
AGATCT	68
AGATGA	47
AGATGC	23
AGATGG	37
AGATGT	46
AGATTA	38
AGATTC	78
AGATTG	35
AGATTT	95
AGCAAA	45
AGCAAC	28
AGCAAG	29
AGCAAT	59
AGCACA	15
AGCACC	17
AGCACG	17
AGCACT	21
AGCAGA	23
AGCAGC	25
AGCAGG	17
AGCAGT	32
AGCATA	20
AGCATC	32
AGCATG	26
AGCATT	41
AGCCAA	43
AGCCAC	20
AGCCAG	12
AGCCAT	41
AGCCCA	29
AGCCCC	29
AGCCCG	14
AGCCCT	27
AGCCGA	24
AGCCGC	12
AGCCGG	16
AGCCGT	18
AGCCTA	19
AGCCTC	19
AGCCTG	11
AGCCTT	25
AGCGAA	25
AGCGAC	14
AGCGAG	8
AGCGAT	13
AGCGCA	8
AGCGCC	6
AGCGCG	2
AGCGCT	10
AGCGGA	24
AGCGGC	14
AGCGGG	20
AGCGGT	22
AGCGTA	14
AGCGTC	12
AGCGTG	12
AGCGTT	19
AGCTAA	47
AGCTAC	35
AGCTAG	27
AGCTAT	36
AGCTCA	24
AGCTCC	30
AGCTCG	21
AGCTCT	33
AGCTGA	12
AGCTGC	22
AGCTGG	21
AGCTGT	21
AGCTTA	19
AGCTTC	41
AGCTTG	26
AGCTTT	36
AGGAAA	85
AGGAAC	49
AGGAAG	41
AGGAAT	92
AGGACA	14
AGGACC	20
AGGACG	11
AGGACT	25
AGGAGA	31
AGGAGC	26
AGGAGG	31
AGGAGT	22
AGGATA	49
AGGATC	55
AGGATG	35
AGGATT	82
AGGCAA	20
AGGCAC	12
AGGCAG	19
AGGCAT	29
AGGCCA	12
AGGCCC	25
AGGCCG	7
AGGCCT	19
AGGCGA	14
AGGCGC	12
AGGCGG	21
AGGCGT	20
AGGCTA	12
AGGCTC	14
AGGCTG	17
AGGCTT	26
AGGGAA	49
AGGGAC	16
AGGGAG	25
AGGGAT	60
AGGGCA	23
AGGGCC	21
AGGGCG	21
AGGGCT	26
AGGGGA	43
AGGGGC	28
AGGGGG	42
AGGGGT	39
AGGGTA	24
AGGGTC	18
AGGGTG	17
AGGGTT	51
AGGTAA	36
AGGTAC	26
AGGTAG	26
AGGTAT	45
AGGTCA	25
AGGTCC	30
AGGTCG	13
AGGTCT	32
AGGTGA	11
AGGTGC	25
AGGTGG	17
AGGTGT	18
AGGTTA	25
AGGTTC	44
AGGTTG	19
AGGTTT	48
AGTAAA	65
AGTAAC	42
AGTAAG	37
AGTAAT	78
AGTACA	25
AGTACC	32
AGTACG	17
AGTACT	29
AGTAGA	39
AGTAGC	32
AGTAGG	23
AGTAGT	32
AGTATA	41
AGTATC	47
AGTATG	21
AGTATT	63
AGTCAA	38
AGTCAC	15
AGTCAG	18
AGTCAT	34
AGTCCA	27
AGTCCC	28
AGTCCG	17
AGTCCT	20
AGTCGA	30
AGTCGC	16
AGTCGG	18
AGTCGT	14
AGTCTA	13
AGTCTC	21
AGTCTG	16
AGTCTT	34
AGTGAA	55
AGTGAC	15
AGTGAG	26
AGTGAT	43
AGTGCA	13
AGTGCC	8
AGTGCG	12
AGTGCT	25
AGTGGA	42
AGTGGC	15
AGTGGG	26
AGTGGT	22
AGTGTA	18
AGTGTC	12
AGTGTG	21
AGTGTT	19
AGTTAA	34
AGTTAC	37
AGTTAG	26
AGTTAT	61
AGTTCA	46
AGTTCC	44
AGTTCG	25
AGTTCT	47
AGTTGA	40
AGTTGC	19
AGTTGG	41
AGTTGT	43
AGTTTA	31
AGTTTC	51
AGTTTG	35
AGTTTT	62
ATAAAA	212
ATAAAC	51
ATAAAG	76
ATAAAT	153
ATAACA	56
ATAACC	55
ATAACG	24
ATAACT	66
ATAAGA	102
ATAAGC	37
ATAAGG	48
ATAAGT	70
ATAATA	102
ATAATC	76
ATAATG	77
ATAATT	119
ATACAA	88
ATACAC	37
ATACAG	27
ATACAT	84
ATACCA	48
ATACCC	33
ATACCG	26
ATACCT	52
ATACGA	41
ATACGC	19
ATACGG	24
ATACGT	30
ATACTA	43
ATACTC	38
ATACTG	26
ATACTT	56
ATAGAA	152
ATAGAC	40
ATAGAG	60
ATAGAT	103
ATAGCA	33
ATAGCC	28
ATAGCG	21
ATAGCT	51
ATAGGA	85
ATAGGC	28
ATAGGG	49
ATAGGT	53
ATAGTA	60
ATAGTC	21
ATAGTG	43
ATAGTT	65
ATATAA	109
ATATAC	59
ATATAG	70
ATATAT	139
ATATCA	71
ATATCC	56
ATATCG	39
ATATCT	98
ATATGA	86
ATATGC	29
ATATGG	43
ATATGT	32
ATATTA	88
ATATTC	112
ATATTG	87
ATATTT	155
ATCAAA	155
ATCAAC	50
ATCAAG	48
ATCAAT	124
ATCACA	29
ATCACC	17
ATCACG	12
ATCACT	39
ATCAGA	41
ATCAGC	21
ATCAGG	14
ATCAGT	35
ATCATA	80
ATCATC	55
ATCATG	33
ATCATT	90
ATCCAA	91
ATCCAC	48
ATCCAG	38
ATCCAT	89
ATCCCA	58
ATCCCC	45
ATCCCG	30
ATCCCT	62
ATCCGA	43
ATCCGC	25
ATCCGG	33
ATCCGT	37
ATCCTA	65
ATCCTC	43
ATCCTG	37
ATCCTT	91
ATCGAA	84
ATCGAC	37
ATCGAG	43
ATCGAT	68
ATCGCA	20
ATCGCC	20
ATCGCG	10
ATCGCT	21
ATCGGA	43
ATCGGC	20
ATCGGG	24
ATCGGT	31
ATCGTA	41
ATCGTC	25
ATCGTG	32
ATCGTT	44
ATCTAA	78
ATCTAC	34
ATCTAG	42
ATCTAT	107
ATCTCA	46
ATCTCC	36
ATCTCG	35
ATCTCT	79
ATCTGA	44
ATCTGC	30
ATCTGG	30
ATCTGT	36
ATCTTA	46
ATCTTC	69
ATCTTG	46
ATCTTT	152
ATGAAA	136
ATGAAC	50
ATGAAG	57
ATGAAT	141
ATGACA	25
ATGACC	35
ATGACG	12
ATGACT	44
ATGAGA	62
ATGAGC	36
ATGAGG	21
ATGAGT	44
ATGATA	81
ATGATC	56
ATGATG	45
ATGATT	75
ATGCAA	34
ATGCAC	14
ATGCAG	16
ATGCAT	46
ATGCCA	23
ATGCCC	26
ATGCCG	17
ATGCCT	24
ATGCGA	16
ATGCGC	8
ATGCGG	19
ATGCGT	15
ATGCTA	35
ATGCTC	23
ATGCTG	15
ATGCTT	51
ATGGAA	94
ATGGAC	32
ATGGAG	30
ATGGAT	100
ATGGCA	24
ATGGCC	20
ATGGCG	13
ATGGCT	37
ATGGGA	55
ATGGGC	15
ATGGGG	37
ATGGGT	41
ATGGTA	40
ATGGTC	28
ATGGTG	16
ATGGTT	44
ATGTAA	41
ATGTAC	29
ATGTAG	34
ATGTAT	74
ATGTCA	17
ATGTCC	23
ATGTCG	13
ATGTCT	29
ATGTGA	39
ATGTGC	13
ATGTGG	17
ATGTGT	26
ATGTTA	31
ATGTTC	35
ATGTTG	28
ATGTTT	38
ATTAAA	100
ATTAAC	37
ATTAAG	42
ATTAAT	122
ATTACA	52
ATTACC	32
ATTACG	31
ATTACT	67
ATTAGA	88
ATTAGC	32
ATTAGG	31
ATTAGT	71
ATTATA	70
ATTATC	65
ATTATG	59
ATTATT	154
ATTCAA	151
ATTCAC	53
ATTCAG	57
ATTCAT	142
ATTCCA	112
ATTCCC	61
ATTCCG	51
ATTCCT	116
ATTCGA	113
ATTCGC	27
ATTCGG	45
ATTCGT	52
ATTCTA	90
ATTCTC	73
ATTCTG	61
ATTCTT	154
ATTGAA	146
ATTGAC	45
ATTGAG	56
ATTGAT	127
ATTGCA	39
ATTGCC	25
ATTGCG	19
ATTGCT	50
ATTGGA	95
ATTGGC	36
ATTGGG	60
ATTGGT	68
ATTGTA	61
ATTGTC	35
ATTGTG	35
ATTGTT	86
ATTTAA	90
ATTTAC	62
ATTTAG	60
ATTTAT	162
ATTTCA	128
ATTTCC	109
ATTTCG	83
ATTTCT	197
ATTTGA	128
ATTTGC	41
ATTTGG	60
ATTTGT	91
ATTTTA	139
ATTTTC	114
ATTTTG	121
ATTTTT	275
CAAAAA	168
CAAAAC	52
CAAAAG	76
CAAAAT	104
CAAACA	47
CAAACC	32
CAAACG	23
CAAACT	43
CAAAGA	75
CAAAGC	24
CAAAGG	52
CAAAGT	33
CAAATA	114
CAAATC	72
CAAATG	55
CAAATT	98
CAACAA	65
CAACAC	10
CAACAG	27
CAACAT	36
CAACCA	31
CAACCC	40
CAACCG	21
CAACCT	18
CAACGA	33
CAACGC	15
CAACGG	19
CAACGT	8
CAACTA	38
CAACTC	42
CAACTG	19
CAACTT	32
CAAGAA	81
CAAGAC	26
CAAGAG	37
CAAGAT	55
CAAGCA	32
CAAGCC	23
CAAGCG	20
CAAGCT	28
CAAGGA	38
CAAGGC	22
CAAGGG	29
CAAGGT	31
CAAGTA	37
CAAGTC	27
CAAGTG	27
CAAGTT	33
CAATAA	100
CAATAC	46
CAATAG	62
CAATAT	75
CAATCA	53
CAATCC	50
CAATCG	37
CAATCT	33
CAATGA	45
CAATGC	33
CAATGG	43
CAATGT	31
CAATTA	71
CAATTC	113
CAATTG	64
CAATTT	106
CACAAA	53
CACAAC	19
CACAAG	25
CACAAT	29
CACACA	13
CACACC	12
CACACG	11
CACACT	15
CACAGA	17
CACAGC	14
CACAGG	17
CACAGT	8
CACATA	30
CACATC	32
CACATG	16
CACATT	38
CACCAA	36
CACCAC	13
CACCAG	13
CACCAT	10
CACCCA	19
CACCCC	29
CACCCG	14
CACCCT	21
CACCGA	12
CACCGC	15
CACCGG	12
CACCGT	9
CACCTA	20
CACCTC	15
CACCTG	9
CACCTT	24
CACGAA	26
CACGAC	13
CACGAG	11
CACGAT	20
CACGCA	5
CACGCC	8
CACGCG	7
CACGCT	11
CACGGA	15
CACGGC	16
CACGGG	10
CACGGT	7
CACGTA	9
CACGTC	12
CACGTG	14
CACGTT	12
CACTAA	26
CACTAC	11
CACTAG	19
CACTAT	31
CACTCA	21
CACTCC	19
CACTCG	15
CACTCT	18
CACTGA	18
CACTGC	17
CACTGG	14
CACTGT	8
CACTTA	20
CACTTC	36
CACTTG	26
CACTTT	39
CAGAAA	66
CAGAAC	27
CAGAAG	44
CAGAAT	41
CAGACA	15
CAGACC	19
CAGACG	10
CAGACT	8
CAGAGA	30
CAGAGC	20
CAGAGG	26
CAGAGT	23
CAGATA	30
CAGATC	32
CAGATG	23
CAGATT	28
CAGCAA	34
CAGCAC	11
CAGCAG	21
CAGCAT	18
CAGCCA	24
CAGCCC	24
CAGCCG	8
CAGCCT	18
CAGCGA	8
CAGCGC	2
CAGCGG	15
CAGCGT	10
CAGCTA	25
CAGCTC	17
CAGCTG	15
CAGCTT	17
CAGGAA	34
CAGGAC	10
CAGGAG	22
CAGGAT	38
CAGGCA	12
CAGGCC	9
CAGGCG	15
CAGGCT	17
CAGGGA	24
CAGGGC	20
CAGGGG	21
CAGGGT	15
CAGGTA	31
CAGGTC	19
CAGGTG	12
CAGGTT	16
CAGTAA	27
CAGTAC	20
CAGTAG	25
CAGTAT	24
CAGTCA	35
CAGTCC	13
CAGTCG	10
CAGTCT	10
CAGTGA	22
CAGTGC	12
CAGTGG	16
CAGTGT	11
CAGTTA	27
CAGTTC	32
CAGTTG	20
CAGTTT	28
CATAAA	86
CATAAC	36
CATAAG	54
CATAAT	75
CATACA	42
CATACC	27
CATACG	29
CATACT	29
CATAGA	67
CATAGC	20
CATAGG	36
CATAGT	43
CATATA	88
CATATC	49
CATATG	26
CATATT	93
CATCAA	47
CATCAC	15
CATCAG	20
CATCAT	41
CATCCA	38
CATCCC	34
CATCCG	16
CATCCT	39
CATCGA	36
CATCGC	12
CATCGG	17
CATCGT	19
CATCTA	37
CATCTC	45
CATCTG	29
CATCTT	57
CATGAA	57
CATGAC	21
CATGAG	38
CATGAT	31
CATGCA	21
CATGCC	18
CATGCG	8
CATGCT	28
CATGGA	48
CATGGC	20
CATGGG	25
CATGGT	23
CATGTA	34
CATGTC	21
CATGTG	17
CATGTT	29
CATTAA	52
CATTAC	42
CATTAG	47
CATTAT	59
CATTCA	57
CATTCC	57
CATTCG	38
CATTCT	68
CATTGA	64
CATTGC	26
CATTGG	43
CATTGT	28
CATTTA	78
CATTTC	113
CATTTG	50
CATTTT	104
CCAAAA	90
CCAAAC	42
CCAAAG	56
CCAAAT	71
CCAACA	36
CCAACC	36
CCAACG	22
CCAACT	40
CCAAGA	39
CCAAGC	41
CCAAGG	40
CCAAGT	33
CCAATA	70
CCAATC	48
CCAATG	43
CCAATT	101
CCACAA	41
CCACAC	14
CCACAG	14
CCACAT	35
CCACCA	13
CCACCC	32
CCACCG	15
CCACCT	19
CCACGA	15
CCACGC	12
CCACGG	11
CCACGT	11
CCACTA	22
CCACTC	23
CCACTG	22
CCACTT	38
CCAGAA	45
CCAGAC	13
CCAGAG	30
CCAGAT	24
CCAGCA	14
CCAGCC	15
CCAGCG	11
CCAGCT	20
CCAGGA	32
CCAGGC	13
CCAGGG	25
CCAGGT	20
CCAGTA	31
CCAGTC	11
CCAGTG	11
CCAGTT	28
CCATAA	64
CCATAC	38
CCATAG	50
CCATAT	60
CCATCA	25
CCATCC	37
CCATCG	28
CCATCT	40
CCATGA	49
CCATGC	22
CCATGG	34
CCATGT	17
CCATTA	48
CCATTC	67
CCATTG	41
CCATTT	112
CCCAAA	59
CCCAAC	25
CCCAAG	36
CCCAAT	63
CCCACA	21
CCCACC	21
CCCACG	16
CCCACT	23
CCCAGA	34
CCCAGC	16
CCCAGG	25
CCCAGT	21
CCCATA	54
CCCATC	30
CCCATG	37
CCCATT	70
CCCCAA	46
CCCCAC	26
CCCCAG	23
CCCCAT	45
CCCCCA	32
CCCCCC	49
CCCCCG	27
CCCCCT	43
CCCCGA	32
CCCCGC	15
CCCCGG	18
CCCCGT	23
CCCCTA	34
CCCCTC	31
CCCCTG	24
CCCCTT	82
CCCGAA	58
CCCGAC	16
CCCGAG	18
CCCGAT	29
CCCGCA	21
CCCGCC	16
CCCGCG	10
CCCGCT	23
CCCGGA	27
CCCGGC	16
CCCGGG	23
CCCGGT	16
CCCGTA	23
CCCGTC	23
CCCGTG	17
CCCGTT	25
CCCTAA	22
CCCTAC	19
CCCTAG	22
CCCTAT	40
CCCTCA	18
CCCTCC	23
CCCTCG	23
CCCTCT	50
CCCTGA	25
CCCTGC	24
CCCTGG	25
CCCTGT	17
CCCTTA	34
CCCTTC	67
CCCTTG	30
CCCTTT	111
CCGAAA	54
CCGAAC	36
CCGAAG	32
CCGAAT	47
CCGACA	12
CCGACC	18
CCGACG	8
CCGACT	18
CCGAGA	27
CCGAGC	19
CCGAGG	17
CCGAGT	21
CCGATA	29
CCGATC	25
CCGATG	18
CCGATT	46
CCGCAA	14
CCGCAC	10
CCGCAG	15
CCGCAT	17
CCGCCA	13
CCGCCC	21
CCGCCG	17
CCGCCT	20
CCGCGA	15
CCGCGC	5
CCGCGG	13
CCGCGT	12
CCGCTA	25
CCGCTC	14
CCGCTG	14
CCGCTT	29
CCGGAA	37
CCGGAC	15
CCGGAG	19
CCGGAT	30
CCGGCA	11
CCGGCC	7
CCGGCG	15
CCGGCT	23
CCGGGA	27
CCGGGC	19
CCGGGG	22
CCGGGT	16
CCGGTA	22
CCGGTC	13
CCGGTG	14
CCGGTT	28
CCGTAA	24
CCGTAC	23
CCGTAG	24
CCGTAT	24
CCGTCA	16
CCGTCC	20
CCGTCG	19
CCGTCT	19
CCGTGA	19
CCGTGC	8
CCGTGG	14
CCGTGT	16
CCGTTA	20
CCGTTC	26
CCGTTG	23
CCGTTT	41
CCTAAA	44
CCTAAC	15
CCTAAG	25
CCTAAT	52
CCTACA	25
CCTACC	27
CCTACG	22
CCTACT	31
CCTAGA	34
CCTAGC	20
CCTAGG	20
CCTAGT	17
CCTATA	44
CCTATC	33
CCTATG	26
CCTATT	91
CCTCAA	21
CCTCAC	16
CCTCAG	16
CCTCAT	23
CCTCCA	26
CCTCCC	34
CCTCCG	24
CCTCCT	40
CCTCGA	22
CCTCGC	15
CCTCGG	21
CCTCGT	22
CCTCTA	40
CCTCTC	34
CCTCTG	30
CCTCTT	66
CCTGAA	34
CCTGAC	19
CCTGAG	19
CCTGAT	17
CCTGCA	19
CCTGCC	22
CCTGCG	13
CCTGCT	17
CCTGGA	33
CCTGGC	18
CCTGGG	31
CCTGGT	13
CCTGTA	26
CCTGTC	15
CCTGTG	11
CCTGTT	32
CCTTAA	32
CCTTAC	25
CCTTAG	26
CCTTAT	41
CCTTCA	38
CCTTCC	55
CCTTCG	27
CCTTCT	62
CCTTGA	46
CCTTGC	24
CCTTGG	35
CCTTGT	30
CCTTTA	34
CCTTTC	99
CCTTTG	56
CCTTTT	137
CGAAAA	77
CGAAAC	34
CGAAAG	54
CGAAAT	72
CGAACA	28
CGAACC	52
CGAACG	21
CGAACT	35
CGAAGA	36
CGAAGC	18
CGAAGG	22
CGAAGT	38
CGAATA	51
CGAATC	65
CGAATG	34
CGAATT	75
CGACAA	11
CGACAC	9
CGACAG	11
CGACAT	19
CGACCA	18
CGACCC	34
CGACCG	7
CGACCT	16
CGACGA	14
CGACGC	9
CGACGG	21
CGACGT	13
CGACTA	7
CGACTC	18
CGACTG	13
CGACTT	30
CGAGAA	44
CGAGAC	10
CGAGAG	19
CGAGAT	47
CGAGCA	15
CGAGCC	31
CGAGCG	6
CGAGCT	23
CGAGGA	20
CGAGGC	4
CGAGGG	13
CGAGGT	12
CGAGTA	31
CGAGTC	14
CGAGTG	20
CGAGTT	14
CGATAA	47
CGATAC	28
CGATAG	24
CGATAT	35
CGATCA	29
CGATCC	34
CGATCG	20
CGATCT	33
CGATGA	31
CGATGC	13
CGATGG	22
CGATGT	16
CGATTA	40
CGATTC	69
CGATTG	31
CGATTT	68
CGCAAA	16
CGCAAC	10
CGCAAG	17
CGCAAT	16
CGCACA	11
CGCACC	9
CGCACG	7
CGCACT	13
CGCAGA	8
CGCAGC	11
CGCAGG	10
CGCAGT	14
CGCATA	17
CGCATC	6
CGCATG	7
CGCATT	23
CGCCAA	14
CGCCAC	9
CGCCAG	15
CGCCAT	17
CGCCCA	22
CGCCCC	22
CGCCCG	12
CGCCCT	20
CGCCGA	14
CGCCGC	6
CGCCGG	6
CGCCGT	9
CGCCTA	22
CGCCTC	17
CGCCTG	13
CGCCTT	14
CGCGAA	15
CGCGAC	3
CGCGAG	10
CGCGAT	15
CGCGCA	7
CGCGCC	6
CGCGCG	6
CGCGCT	7
CGCGGA	11
CGCGGC	9
CGCGGG	7
CGCGGT	14
CGCGTA	11
CGCGTC	8
CGCGTG	10
CGCGTT	16
CGCTAA	11
CGCTAC	17
CGCTAG	8
CGCTAT	26
CGCTCA	13
CGCTCC	16
CGCTCG	9
CGCTCT	25
CGCTGA	9
CGCTGC	8
CGCTGG	12
CGCTGT	6
CGCTTA	17
CGCTTC	20
CGCTTG	16
CGCTTT	29
CGGAAA	54
CGGAAC	32
CGGAAG	35
CGGAAT	44
CGGACA	13
CGGACC	25
CGGACG	9
CGGACT	12
CGGAGA	20
CGGAGC	17
CGGAGG	15
CGGAGT	19
CGGATA	35
CGGATC	40
CGGATG	19
CGGATT	51
CGGCAA	14
CGGCAC	8
CGGCAG	16
CGGCAT	16
CGGCCA	11
CGGCCC	16
CGGCCG	6
CGGCCT	7
CGGCGA	18
CGGCGC	7
CGGCGG	15
CGGCGT	8
CGGCTA	24
CGGCTC	27
CGGCTG	12
CGGCTT	22
CGGGAA	41
CGGGAC	15
CGGGAG	18
CGGGAT	23
CGGGCA	14
CGGGCC	23
CGGGCG	12
CGGGCT	17
CGGGGA	20
CGGGGC	16
CGGGGG	28
CGGGGT	21
CGGGTA	22
CGGGTC	21
CGGGTG	11
CGGGTT	25
CGGTAA	23
CGGTAC	13
CGGTAG	22
CGGTAT	31
CGGTCA	11
CGGTCC	14
CGGTCG	11
CGGTCT	14
CGGTGA	12
CGGTGC	9
CGGTGG	20
CGGTGT	9
CGGTTA	24
CGGTTC	40
CGGTTG	21
CGGTTT	30
CGTAAA	31
CGTAAC	16
CGTAAG	22
CGTAAT	32
CGTACA	24
CGTACC	16
CGTACG	3
CGTACT	18
CGTAGA	25
CGTAGC	18
CGTAGG	22
CGTAGT	16
CGTATA	16
CGTATC	23
CGTATG	19
CGTATT	48
CGTCAA	21
CGTCAC	14
CGTCAG	10
CGTCAT	11
CGTCCA	18
CGTCCC	20
CGTCCG	15
CGTCCT	14
CGTCGA	24
CGTCGC	8
CGTCGG	6
CGTCGT	12
CGTCTA	19
CGTCTC	16
CGTCTG	10
CGTCTT	28
CGTGAA	32
CGTGAC	14
CGTGAG	20
CGTGAT	13
CGTGCA	14
CGTGCC	9
CGTGCG	5
CGTGCT	13
CGTGGA	24
CGTGGC	3
CGTGGG	12
CGTGGT	14
CGTGTA	18
CGTGTC	19
CGTGTG	13
CGTGTT	13
CGTTAA	17
CGTTAC	21
CGTTAG	14
CGTTAT	22
CGTTCA	25
CGTTCC	30
CGTTCG	15
CGTTCT	32
CGTTGA	27
CGTTGC	12
CGTTGG	21
CGTTGT	21
CGTTTA	26
CGTTTC	30
CGTTTG	30
CGTTTT	42
CTAAAA	70
CTAAAC	23
CTAAAG	43
CTAAAT	66
CTAACA	26
CTAACC	26
CTAACG	14
CTAACT	20
CTAAGA	47
CTAAGC	19
CTAAGG	23
CTAAGT	28
CTAATA	61
CTAATC	46
CTAATG	45
CTAATT	81
CTACAA	35
CTACAC	12
CTACAG	36
CTACAT	29
CTACCA	32
CTACCC	34
CTACCG	25
CTACCT	27
CTACGA	23
CTACGC	11
CTACGG	26
CTACGT	16
CTACTA	43
CTACTC	22
CTACTG	29
CTACTT	47
CTAGAA	71
CTAGAC	14
CTAGAG	32
CTAGAT	40
CTAGCA	23
CTAGCC	19
CTAGCG	10
CTAGCT	21
CTAGGA	27
CTAGGC	16
CTAGGG	28
CTAGGT	25
CTAGTA	35
CTAGTC	13
CTAGTG	19
CTAGTT	34
CTATAA	62
CTATAC	37
CTATAG	40
CTATAT	67
CTATCA	33
CTATCC	35
CTATCG	28
CTATCT	54
CTATGA	53
CTATGC	15
CTATGG	36
CTATGT	28
CTATTA	67
CTATTC	80
CTATTG	52
CTATTT	147
CTCAAA	45
CTCAAC	23
CTCAAG	21
CTCAAT	56
CTCACA	21
CTCACC	8
CTCACG	12
CTCACT	21
CTCAGA	15
CTCAGC	21
CTCAGG	14
CTCAGT	18
CTCATA	50
CTCATC	22
CTCATG	28
CTCATT	47
CTCCAA	32
CTCCAC	22
CTCCAG	23
CTCCAT	36
CTCCCA	36
CTCCCC	42
CTCCCG	35
CTCCCT	27
CTCCGA	22
CTCCGC	20
CTCCGG	26
CTCCGT	24
CTCCTA	42
CTCCTC	35
CTCCTG	26
CTCCTT	40
CTCGAA	54
CTCGAC	19
CTCGAG	23
CTCGAT	45
CTCGCA	9
CTCGCC	13
CTCGCG	19
CTCGCT	14
CTCGGA	27
CTCGGC	12
CTCGGG	25
CTCGGT	26
CTCGTA	26
CTCGTC	14
CTCGTG	15
CTCGTT	24
CTCTAA	30
CTCTAC	44
CTCTAG	22
CTCTAT	66
CTCTCA	35
CTCTCC	40
CTCTCG	25
CTCTCT	40
CTCTGA	32
CTCTGC	20
CTCTGG	28
CTCTGT	18
CTCTTA	47
CTCTTC	60
CTCTTG	38
CTCTTT	116
CTGAAA	51
CTGAAC	22
CTGAAG	21
CTGAAT	59
CTGACA	15
CTGACC	24
CTGACG	12
CTGACT	16
CTGAGA	27
CTGAGC	21
CTGAGG	18
CTGAGT	13
CTGATA	27
CTGATC	29
CTGATG	24
CTGATT	42
CTGCAA	25
CTGCAC	12
CTGCAG	19
CTGCAT	29
CTGCCA	17
CTGCCC	20
CTGCCG	15
CTGCCT	21
CTGCGA	9
CTGCGC	13
CTGCGG	21
CTGCGT	10
CTGCTA	23
CTGCTC	21
CTGCTG	24
CTGCTT	40
CTGGAA	38
CTGGAC	14
CTGGAG	20
CTGGAT	42
CTGGCA	13
CTGGCC	12
CTGGCG	8
CTGGCT	14
CTGGGA	27
CTGGGC	18
CTGGGG	22
CTGGGT	18
CTGGTA	23
CTGGTC	15
CTGGTG	13
CTGGTT	35
CTGTAA	28
CTGTAC	16
CTGTAG	22
CTGTAT	32
CTGTCA	16
CTGTCC	17
CTGTCG	9
CTGTCT	26
CTGTGA	13
CTGTGC	9
CTGTGG	10
CTGTGT	15
CTGTTA	28
CTGTTC	43
CTGTTG	22
CTGTTT	32
CTTAAA	39
CTTAAC	36
CTTAAG	14
CTTAAT	53
CTTACA	20
CTTACC	22
CTTACG	20
CTTACT	43
CTTAGA	36
CTTAGC	20
CTTAGG	24
CTTAGT	33
CTTATA	49
CTTATC	39
CTTATG	25
CTTATT	92
CTTCAA	54
CTTCAC	30
CTTCAG	20
CTTCAT	63
CTTCCA	73
CTTCCC	42
CTTCCG	37
CTTCCT	56
CTTCGA	34
CTTCGC	17
CTTCGG	35
CTTCGT	34
CTTCTA	60
CTTCTC	50
CTTCTG	41
CTTCTT	141
CTTGAA	84
CTTGAC	39
CTTGAG	21
CTTGAT	64
CTTGCA	23
CTTGCC	16
CTTGCG	12
CTTGCT	29
CTTGGA	45
CTTGGC	21
CTTGGG	32
CTTGGT	44
CTTGTA	45
CTTGTC	19
CTTGTG	25
CTTGTT	82
CTTTAA	30
CTTTAC	37
CTTTAG	38
CTTTAT	79
CTTTCA	87
CTTTCC	87
CTTTCG	63
CTTTCT	118
CTTTGA	59
CTTTGC	34
CTTTGG	55
CTTTGT	63
CTTTTA	79
CTTTTC	104
CTTTTG	93
CTTTTT	272
GAAAAA	207
GAAAAC	52
GAAAAG	104
GAAAAT	126
GAAACA	62
GAAACC	43
GAAACG	20
GAAACT	56
GAAAGA	126
GAAAGC	33
GAAAGG	86
GAAAGT	60
GAAATA	148
GAAATC	86
GAAATG	89
GAAATT	125
GAACAA	75
GAACAC	13
GAACAG	34
GAACAT	45
GAACCA	56
GAACCC	51
GAACCG	34
GAACCT	45
GAACGA	31
GAACGC	15
GAACGG	25
GAACGT	18
GAACTA	46
GAACTC	38
GAACTG	27
GAACTT	52
GAAGAA	127
GAAGAC	28
GAAGAG	52
GAAGAT	58
GAAGCA	39
GAAGCC	21
GAAGCG	20
GAAGCT	27
GAAGGA	55
GAAGGC	22
GAAGGG	66
GAAGGT	34
GAAGTA	60
GAAGTC	22
GAAGTG	32
GAAGTT	57
GAATAA	117
GAATAC	53
GAATAG	100
GAATAT	95
GAATCA	93
GAATCC	83
GAATCG	69
GAATCT	76
GAATGA	82
GAATGC	32
GAATGG	51
GAATGT	34
GAATTA	79
GAATTC	111
GAATTG	100
GAATTT	116
GACAAA	47
GACAAC	14
GACAAG	12
GACAAT	26
GACACA	20
GACACC	13
GACACG	10
GACACT	8
GACAGA	22
GACAGC	13
GACAGG	15
GACAGT	13
GACATA	28
GACATC	22
GACATG	19
GACATT	35
GACCAA	58
GACCAC	14
GACCAG	15
GACCAT	32
GACCCA	33
GACCCC	40
GACCCG	23
GACCCT	29
GACCGA	25
GACCGC	10
GACCGG	14
GACCGT	11
GACCTA	20
GACCTC	24
GACCTG	24
GACCTT	33
GACGAA	35
GACGAC	3
GACGAG	15
GACGAT	24
GACGCA	8
GACGCC	6
GACGCG	9
GACGCT	11
GACGGA	22
GACGGC	8
GACGGG	19
GACGGT	16
GACGTA	14
GACGTC	8
GACGTG	15
GACGTT	19
GACTAA	28
GACTAC	10
GACTAG	7
GACTAT	18
GACTCA	28
GACTCC	19
GACTCG	21
GACTCT	28
GACTGA	18
GACTGC	17
GACTGG	18
GACTGT	10
GACTTA	27
GACTTC	25
GACTTG	28
GACTTT	45
GAGAAA	87
GAGAAC	19
GAGAAG	51
GAGAAT	71
GAGACA	30
GAGACC	17
GAGACG	10
GAGACT	22
GAGAGA	51
GAGAGC	22
GAGAGG	29
GAGAGT	24
GAGATA	72
GAGATC	41
GAGATG	44
GAGATT	67
GAGCAA	36
GAGCAC	14
GAGCAG	20
GAGCAT	29
GAGCCA	27
GAGCCC	22
GAGCCG	24
GAGCCT	19
GAGCGA	11
GAGCGC	9
GAGCGG	16
GAGCGT	16
GAGCTA	37
GAGCTC	26
GAGCTG	18
GAGCTT	31
GAGGAA	57
GAGGAC	13
GAGGAG	26
GAGGAT	35
GAGGCA	16
GAGGCC	10
GAGGCG	10
GAGGCT	15
GAGGGA	36
GAGGGC	10
GAGGGG	31
GAGGGT	18
GAGGTA	17
GAGGTC	22
GAGGTG	16
GAGGTT	31
GAGTAA	43
GAGTAC	30
GAGTAG	27
GAGTAT	35
GAGTCA	26
GAGTCC	22
GAGTCG	19
GAGTCT	20
GAGTGA	22
GAGTGC	14
GAGTGG	24
GAGTGT	10
GAGTTA	30
GAGTTC	35
GAGTTG	38
GAGTTT	43
GATAAA	103
GATAAC	38
GATAAG	54
GATAAT	64
GATACA	56
GATACC	34
GATACG	19
GATACT	48
GATAGA	71
GATAGC	28
GATAGG	35
GATAGT	31
GATATA	72
GATATC	45
GATATG	47
GATATT	94
GATCAA	81
GATCAC	18
GATCAG	28
GATCAT	59
GATCCA	74
GATCCC	46
GATCCG	42
GATCCT	63
GATCGA	53
GATCGC	17
GATCGG	25
GATCGT	34
GATCTA	70
GATCTC	45
GATCTG	27
GATCTT	74
GATGAA	81
GATGAC	15
GATGAG	30
GATGAT	58
GATGCA	23
GATGCC	11
GATGCG	16
GATGCT	28
GATGGA	45
GATGGC	21
GATGGG	31
GATGGT	23
GATGTA	42
GATGTC	22
GATGTG	21
GATGTT	34
GATTAA	55
GATTAC	30
GATTAG	40
GATTAT	65
GATTCA	103
GATTCC	81
GATTCG	74
GATTCT	78
GATTGA	65
GATTGC	17
GATTGG	56
GATTGT	36
GATTTA	69
GATTTC	104
GATTTG	69
GATTTT	129
GCAAAA	44
GCAAAC	16
GCAAAG	21
GCAAAT	44
GCAACA	24
GCAACC	12
GCAACG	9
GCAACT	18
GCAAGA	36
GCAAGC	12
GCAAGG	23
GCAAGT	17
GCAATA	42
GCAATC	24
GCAATG	26
GCAATT	47
GCACAA	20
GCACAC	8
GCACAG	7
GCACAT	9
GCACCA	12
GCACCC	14
GCACCG	7
GCACCT	19
GCACGA	13
GCACGC	7
GCACGG	11
GCACGT	14
GCACTA	16
GCACTC	17
GCACTG	8
GCACTT	19
GCAGAA	30
GCAGAC	7
GCAGAG	19
GCAGAT	17
GCAGCA	24
GCAGCC	11
GCAGCG	8
GCAGCT	19
GCAGGA	17
GCAGGC	11
GCAGGG	15
GCAGGT	15
GCAGTA	22
GCAGTC	18
GCAGTG	18
GCAGTT	26
GCATAA	36
GCATAC	21
GCATAG	21
GCATAT	31
GCATCA	19
GCATCC	22
GCATCG	14
GCATCT	33
GCATGA	26
GCATGC	10
GCATGG	24
GCATGT	20
GCATTA	26
GCATTC	24
GCATTG	32
GCATTT	53
GCCAAA	38
GCCAAC	19
GCCAAG	22
GCCAAT	31
GCCACA	15
GCCACC	9
GCCACG	4
GCCACT	19
GCCAGA	15
GCCAGC	7
GCCAGG	16
GCCAGT	8
GCCATA	31
GCCATC	22
GCCATG	19
GCCATT	30
GCCCAA	36
GCCCAC	14
GCCCAG	17
GCCCAT	30
GCCCCA	19
GCCCCC	24
GCCCCG	16
GCCCCT	31
GCCCGA	18
GCCCGC	11
GCCCGG	13
GCCCGT	15
GCCCTA	20
GCCCTC	15
GCCCTG	14
GCCCTT	33
GCCGAA	32
GCCGAC	9
GCCGAG	19
GCCGAT	13
GCCGCA	9
GCCGCC	6
GCCGCG	9
GCCGCT	10
GCCGGA	16
GCCGGC	9
GCCGGG	11
GCCGGT	12
GCCGTA	18
GCCGTC	9
GCCGTG	11
GCCGTT	15
GCCTAA	22
GCCTAC	20
GCCTAG	17
GCCTAT	23
GCCTCA	13
GCCTCC	26
GCCTCG	7
GCCTCT	23
GCCTGA	7
GCCTGC	12
GCCTGG	15
GCCTGT	15
GCCTTA	14
GCCTTC	19
GCCTTG	22
GCCTTT	38
GCGAAA	37
GCGAAC	16
GCGAAG	13
GCGAAT	28
GCGACA	10
GCGACC	9
GCGACG	9
GCGACT	6
GCGAGA	14
GCGAGC	10
GCGAGG	7
GCGAGT	7
GCGATA	12
GCGATC	17
GCGATG	10
GCGATT	22
GCGCAA	7
GCGCAC	6
GCGCAG	11
GCGCAT	7
GCGCCA	9
GCGCCC	9
GCGCCG	4
GCGCCT	9
GCGCGA	5
GCGCGC	7
GCGCGG	3
GCGCGT	7
GCGCTA	12
GCGCTC	14
GCGCTG	4
GCGCTT	12
GCGGAA	23
GCGGAC	12
GCGGAG	14
GCGGAT	31
GCGGCA	10
GCGGCC	5
GCGGCG	7
GCGGCT	17
GCGGGA	15
GCGGGC	16
GCGGGG	10
GCGGGT	18
GCGGTA	23
GCGGTC	13
GCGGTG	12
GCGGTT	25
GCGTAA	17
GCGTAC	4
GCGTAG	21
GCGTAT	18
GCGTCA	6
GCGTCC	10
GCGTCG	8
GCGTCT	13
GCGTGA	12
GCGTGC	6
GCGTGG	13
GCGTGT	12
GCGTTA	15
GCGTTC	20
GCGTTG	13
GCGTTT	20
GCTAAA	42
GCTAAC	23
GCTAAG	19
GCTAAT	31
GCTACA	36
GCTACC	24
GCTACG	13
GCTACT	34
GCTAGA	32
GCTAGC	10
GCTAGG	21
GCTAGT	19
GCTATA	32
GCTATC	23
GCTATG	19
GCTATT	54
GCTCAA	20
GCTCAC	8
GCTCAG	15
GCTCAT	24
GCTCCA	22
GCTCCC	29
GCTCCG	15
GCTCCT	30
GCTCGA	25
GCTCGC	13
GCTCGG	24
GCTCGT	18
GCTCTA	34
GCTCTC	22
GCTCTG	24
GCTCTT	31
GCTGAA	24
GCTGAC	11
GCTGAG	15
GCTGAT	21
GCTGCA	17
GCTGCC	9
GCTGCG	11
GCTGCT	28
GCTGGA	17
GCTGGC	8
GCTGGG	18
GCTGGT	15
GCTGTA	11
GCTGTC	14
GCTGTG	11
GCTGTT	25
GCTTAA	13
GCTTAC	23
GCTTAG	19
GCTTAT	32
GCTTCA	29
GCTTCC	29
GCTTCG	16
GCTTCT	52
GCTTGA	33
GCTTGC	12
GCTTGG	24
GCTTGT	32
GCTTTA	40
GCTTTC	43
GCTTTG	26
GCTTTT	68
GGAAAA	94
GGAAAC	36
GGAAAG	55
GGAAAT	82
GGAACA	48
GGAACC	28
GGAACG	27
GGAACT	35
GGAAGA	74
GGAAGC	21
GGAAGG	52
GGAAGT	33
GGAATA	81
GGAATC	76
GGAATG	50
GGAATT	94
GGACAA	28
GGACAC	9
GGACAG	15
GGACAT	19
GGACCA	30
GGACCC	20
GGACCG	18
GGACCT	24
GGACGA	17
GGACGC	6
GGACGG	12
GGACGT	13
GGACTA	13
GGACTC	21
GGACTG	13
GGACTT	26
GGAGAA	40
GGAGAC	19
GGAGAG	36
GGAGAT	30
GGAGCA	28
GGAGCC	18
GGAGCG	14
GGAGCT	25
GGAGGA	31
GGAGGC	13
GGAGGG	25
GGAGGT	27
GGAGTA	24
GGAGTC	15
GGAGTG	19
GGAGTT	33
GGATAA	53
GGATAC	34
GGATAG	47
GGATAT	52
GGATCA	51
GGATCC	61
GGATCG	37
GGATCT	68
GGATGA	44
GGATGC	24
GGATGG	33
GGATGT	25
GGATTA	56
GGATTC	97
GGATTG	47
GGATTT	108
GGCAAA	24
GGCAAC	11
GGCAAG	15
GGCAAT	27
GGCACA	8
GGCACC	13
GGCACG	9
GGCACT	11
GGCAGA	22
GGCAGC	14
GGCAGG	16
GGCAGT	19
GGCATA	29
GGCATC	19
GGCATG	23
GGCATT	32
GGCCAA	22
GGCCAC	7
GGCCAG	10
GGCCAT	17
GGCCCA	22
GGCCCC	13
GGCCCG	19
GGCCCT	20
GGCCGA	18
GGCCGC	4
GGCCGG	10
GGCCGT	12
GGCCTA	20
GGCCTC	13
GGCCTG	13
GGCCTT	25
GGCGAA	31
GGCGAC	11
GGCGAG	13
GGCGAT	21
GGCGCA	10
GGCGCC	7
GGCGCG	9
GGCGCT	12
GGCGGA	21
GGCGGC	10
GGCGGG	14
GGCGGT	17
GGCGTA	21
GGCGTC	7
GGCGTG	8
GGCGTT	12
GGCTAA	34
GGCTAC	20
GGCTAG	21
GGCTAT	30
GGCTCA	11
GGCTCC	22
GGCTCG	31
GGCTCT	26
GGCTGA	22
GGCTGC	16
GGCTGG	13
GGCTGT	18
GGCTTA	17
GGCTTC	22
GGCTTG	20
GGCTTT	44
GGGAAA	57
GGGAAC	25
GGGAAG	52
GGGAAT	46
GGGACA	15
GGGACC	20
GGGACG	9
GGGACT	18
GGGAGA	35
GGGAGC	21
GGGAGG	31
GGGAGT	24
GGGATA	37
GGGATC	53
GGGATG	36
GGGATT	58
GGGCAA	21
GGGCAC	8
GGGCAG	22
GGGCAT	28
GGGCCA	16
GGGCCC	18
GGGCCG	17
GGGCCT	31
GGGCGA	26
GGGCGC	12
GGGCGG	15
GGGCGT	12
GGGCTA	28
GGGCTC	23
GGGCTG	20
GGGCTT	26
GGGGAA	48
GGGGAC	15
GGGGAG	35
GGGGAT	45
GGGGCA	23
GGGGCC	14
GGGGCG	14
GGGGCT	28
GGGGGA	43
GGGGGC	19
GGGGGG	48
GGGGGT	31
GGGGTA	27
GGGGTC	28
GGGGTG	25
GGGGTT	50
GGGTAA	32
GGGTAC	14
GGGTAG	23
GGGTAT	34
GGGTCA	24
GGGTCC	17
GGGTCG	22
GGGTCT	26
GGGTGA	27
GGGTGC	18
GGGTGG	26
GGGTGT	15
GGGTTA	41
GGGTTC	45
GGGTTG	38
GGGTTT	53
GGTAAA	69
GGTAAC	14
GGTAAG	24
GGTAAT	35
GGTACA	21
GGTACC	16
GGTACG	12
GGTACT	23
GGTAGA	45
GGTAGC	14
GGTAGG	22
GGTAGT	17
GGTATA	43
GGTATC	32
GGTATG	18
GGTATT	69
GGTCAA	27
GGTCAC	12
GGTCAG	16
GGTCAT	25
GGTCCA	32
GGTCCC	16
GGTCCG	19
GGTCCT	24
GGTCGA	15
GGTCGC	10
GGTCGG	24
GGTCGT	17
GGTCTA	27
GGTCTC	12
GGTCTG	21
GGTCTT	37
GGTGAA	25
GGTGAC	14
GGTGAG	13
GGTGAT	23
GGTGCA	19
GGTGCC	14
GGTGCG	8
GGTGCT	25
GGTGGA	31
GGTGGC	13
GGTGGG	25
GGTGGT	17
GGTGTA	18
GGTGTC	13
GGTGTG	17
GGTGTT	15
GGTTAA	43
GGTTAC	20
GGTTAG	23
GGTTAT	45
GGTTCA	58
GGTTCC	33
GGTTCG	42
GGTTCT	53
GGTTGA	43
GGTTGC	13
GGTTGG	30
GGTTGT	26
GGTTTA	36
GGTTTC	41
GGTTTG	42
GGTTTT	57
GTAAAA	80
GTAAAC	29
GTAAAG	51
GTAAAT	65
GTAACA	27
GTAACC	24
GTAACG	26
GTAACT	35
GTAAGA	38
GTAAGC	18
GTAAGG	21
GTAAGT	22
GTAATA	57
GTAATC	32
GTAATG	38
GTAATT	58
GTACAA	39
GTACAC	8
GTACAG	22
GTACAT	38
GTACCA	29
GTACCC	24
GTACCG	18
GTACCT	21
GTACGA	21
GTACGC	6
GTACGG	14
GTACGT	8
GTACTA	25
GTACTC	20
GTACTG	15
GTACTT	37
GTAGAA	53
GTAGAC	22
GTAGAG	30
GTAGAT	35
GTAGCA	35
GTAGCC	17
GTAGCG	12
GTAGCT	29
GTAGGA	36
GTAGGC	13
GTAGGG	20
GTAGGT	28
GTAGTA	29
GTAGTC	12
GTAGTG	15
GTAGTT	27
GTATAA	39
GTATAC	26
GTATAG	34
GTATAT	53
GTATCA	40
GTATCC	39
GTATCG	29
GTATCT	45
GTATGA	31
GTATGC	12
GTATGG	41
GTATGT	17
GTATTA	45
GTATTC	47
GTATTG	49
GTATTT	114
GTCAAA	42
GTCAAC	19
GTCAAG	28
GTCAAT	41
GTCACA	18
GTCACC	14
GTCACG	7
GTCACT	16
GTCAGA	22
GTCAGC	10
GTCAGG	11
GTCAGT	10
GTCATA	26
GTCATC	15
GTCATG	10
GTCATT	47
GTCCAA	42
GTCCAC	12
GTCCAG	14
GTCCAT	38
GTCCCA	33
GTCCCC	18
GTCCCG	14
GTCCCT	18
GTCCGA	22
GTCCGC	12
GTCCGG	16
GTCCGT	16
GTCCTA	24
GTCCTC	13
GTCCTG	12
GTCCTT	30
GTCGAA	36
GTCGAC	11
GTCGAG	11
GTCGAT	32
GTCGCA	16
GTCGCC	13
GTCGCG	4
GTCGCT	9
GTCGGA	22
GTCGGC	15
GTCGGG	14
GTCGGT	11
GTCGTA	15
GTCGTC	8
GTCGTG	12
GTCGTT	17
GTCTAA	28
GTCTAC	20
GTCTAG	17
GTCTAT	31
GTCTCA	20
GTCTCC	12
GTCTCG	15
GTCTCT	28
GTCTGA	20
GTCTGC	10
GTCTGG	14
GTCTGT	21
GTCTTA	18
GTCTTC	29
GTCTTG	29
GTCTTT	62
GTGAAA	66
GTGAAC	25
GTGAAG	24
GTGAAT	45
GTGACA	14
GTGACC	15
GTGACG	15
GTGACT	16
GTGAGA	28
GTGAGC	10
GTGAGG	20
GTGAGT	21
GTGATA	33
GTGATC	21
GTGATG	22
GTGATT	39
GTGCAA	23
GTGCAC	5
GTGCAG	15
GTGCAT	21
GTGCCA	11
GTGCCC	10
GTGCCG	10
GTGCCT	12
GTGCGA	8
GTGCGC	4
GTGCGG	10
GTGCGT	11
GTGCTA	22
GTGCTC	18
GTGCTG	10
GTGCTT	31
GTGGAA	39
GTGGAC	21
GTGGAG	17
GTGGAT	48
GTGGCA	11
GTGGCC	4
GTGGCG	10
GTGGCT	18
GTGGGA	20
GTGGGC	18
GTGGGG	18
GTGGGT	26
GTGGTA	22
GTGGTC	9
GTGGTG	18
GTGGTT	20
GTGTAA	34
GTGTAC	17
GTGTAG	10
GTGTAT	25
GTGTCA	28
GTGTCC	14
GTGTCG	13
GTGTCT	12
GTGTGA	23
GTGTGC	12
GTGTGG	17
GTGTGT	13
GTGTTA	12
GTGTTC	17
GTGTTG	14
GTGTTT	30
GTTAAA	41
GTTAAC	14
GTTAAG	27
GTTAAT	49
GTTACA	35
GTTACC	16
GTTACG	15
GTTACT	36
GTTAGA	24
GTTAGC	17
GTTAGG	15
GTTAGT	26
GTTATA	38
GTTATC	34
GTTATG	38
GTTATT	75
GTTCAA	75
GTTCAC	19
GTTCAG	28
GTTCAT	57
GTTCCA	46
GTTCCC	29
GTTCCG	31
GTTCCT	62
GTTCGA	58
GTTCGC	13
GTTCGG	21
GTTCGT	19
GTTCTA	49
GTTCTC	25
GTTCTG	26
GTTCTT	84
GTTGAA	60
GTTGAC	21
GTTGAG	32
GTTGAT	49
GTTGCA	13
GTTGCC	12
GTTGCG	15
GTTGCT	25
GTTGGA	42
GTTGGC	15
GTTGGG	25
GTTGGT	37
GTTGTA	32
GTTGTC	18
GTTGTG	27
GTTGTT	55
GTTTAA	27
GTTTAC	26
GTTTAG	27
GTTTAT	47
GTTTCA	50
GTTTCC	37
GTTTCG	29
GTTTCT	71
GTTTGA	58
GTTTGC	25
GTTTGG	31
GTTTGT	33
GTTTTA	44
GTTTTC	55
GTTTTG	45
GTTTTT	94
TAAAAA	192
TAAAAC	52
TAAAAG	83
TAAAAT	127
TAAACA	34
TAAACC	39
TAAACG	32
TAAACT	37
TAAAGA	96
TAAAGC	30
TAAAGG	32
TAAAGT	47
TAAATA	128
TAAATC	67
TAAATG	63
TAAATT	116
TAACAA	58
TAACAC	12
TAACAG	28
TAACAT	45
TAACCA	48
TAACCC	45
TAACCG	23
TAACCT	26
TAACGA	37
TAACGC	13
TAACGG	19
TAACGT	10
TAACTA	49
TAACTC	45
TAACTG	20
TAACTT	47
TAAGAA	117
TAAGAC	25
TAAGAG	42
TAAGAT	55
TAAGCA	26
TAAGCC	22
TAAGCG	14
TAAGCT	25
TAAGGA	38
TAAGGC	22
TAAGGG	29
TAAGGT	23
TAAGTA	47
TAAGTC	26
TAAGTG	32
TAAGTT	46
TAATAA	103
TAATAC	48
TAATAG	72
TAATAT	86
TAATCA	55
TAATCC	59
TAATCG	47
TAATCT	59
TAATGA	93
TAATGC	35
TAATGG	42
TAATGT	32
TAATTA	77
TAATTC	95
TAATTG	88
TAATTT	126
TACAAA	80
TACAAC	30
TACAAG	41
TACAAT	71
TACACA	31
TACACC	21
TACACG	15
TACACT	17
TACAGA	39
TACAGC	23
TACAGG	26
TACAGT	22
TACATA	78
TACATC	42
TACATG	32
TACATT	52
TACCAA	61
TACCAC	26
TACCAG	26
TACCAT	38
TACCCA	37
TACCCC	37
TACCCG	21
TACCCT	32
TACCGA	27
TACCGC	14
TACCGG	22
TACCGT	23
TACCTA	40
TACCTC	33
TACCTG	22
TACCTT	36
TACGAA	43
TACGAC	20
TACGAG	19
TACGAT	33
TACGCA	11
TACGCC	25
TACGCG	6
TACGCT	10
TACGGA	29
TACGGC	21
TACGGG	19
TACGGT	18
TACGTA	26
TACGTC	20
TACGTG	16
TACGTT	17
TACTAA	61
TACTAC	28
TACTAG	29
TACTAT	56
TACTCA	23
TACTCC	38
TACTCG	23
TACTCT	40
TACTGA	32
TACTGC	26
TACTGG	18
TACTGT	23
TACTTA	49
TACTTC	70
TACTTG	45
TACTTT	57
TAGAAA	132
TAGAAC	59
TAGAAG	56
TAGAAT	104
TAGACA	30
TAGACC	32
TAGACG	21
TAGACT	20
TAGAGA	51
TAGAGC	26
TAGAGG	31
TAGAGT	45
TAGATA	79
TAGATC	66
TAGATG	38
TAGATT	70
TAGCAA	38
TAGCAC	21
TAGCAG	26
TAGCAT	33
TAGCCA	31
TAGCCC	30
TAGCCG	16
TAGCCT	13
TAGCGA	20
TAGCGC	4
TAGCGG	23
TAGCGT	9
TAGCTA	52
TAGCTC	34
TAGCTG	23
TAGCTT	33
TAGGAA	78
TAGGAC	23
TAGGAG	27
TAGGAT	68
TAGGCA	25
TAGGCC	22
TAGGCG	13
TAGGCT	16
TAGGGA	31
TAGGGC	25
TAGGGG	34
TAGGGT	27
TAGGTA	41
TAGGTC	32
TAGGTG	19
TAGGTT	43
TAGTAA	64
TAGTAC	23
TAGTAG	32
TAGTAT	63
TAGTCA	17
TAGTCC	26
TAGTCG	16
TAGTCT	24
TAGTGA	49
TAGTGC	14
TAGTGG	23
TAGTGT	23
TAGTTA	62
TAGTTC	33
TAGTTG	46
TAGTTT	42
TATAAA	92
TATAAC	51
TATAAG	46
TATAAT	90
TATACA	69
TATACC	39
TATACG	23
TATACT	30
TATAGA	67
TATAGC	33
TATAGG	49
TATAGT	44
TATATA	110
TATATC	73
TATATG	59
TATATT	106
TATCAA	101
TATCAC	27
TATCAG	26
TATCAT	76
TATCCA	70
TATCCC	48
TATCCG	33
TATCCT	37
TATCGA	47
TATCGC	13
TATCGG	30
TATCGT	38
TATCTA	83
TATCTC	57
TATCTG	45
TATCTT	86
TATGAA	101
TATGAC	34
TATGAG	39
TATGAT	69
TATGCA	23
TATGCC	28
TATGCG	12
TATGCT	26
TATGGA	78
TATGGC	20
TATGGG	31
TATGGT	31
TATGTA	51
TATGTC	16
TATGTG	20
TATGTT	35
TATTAA	93
TATTAC	49
TATTAG	63
TATTAT	125
TATTCA	110
TATTCC	91
TATTCG	43
TATTCT	104
TATTGA	104
TATTGC	37
TATTGG	65
TATTGT	65
TATTTA	143
TATTTC	175
TATTTG	105
TATTTT	227
TCAAAA	146
TCAAAC	50
TCAAAG	55
TCAAAT	137
TCAACA	49
TCAACC	35
TCAACG	22
TCAACT	48
TCAAGA	72
TCAAGC	15
TCAAGG	32
TCAAGT	38
TCAATA	111
TCAATC	68
TCAATG	54
TCAATT	125
TCACAA	40
TCACAC	19
TCACAG	20
TCACAT	35
TCACCA	19
TCACCC	26
TCACCG	17
TCACCT	16
TCACGA	26
TCACGC	6
TCACGG	14
TCACGT	13
TCACTA	35
TCACTC	21
TCACTG	17
TCACTT	42
TCAGAA	53
TCAGAC	18
TCAGAG	33
TCAGAT	38
TCAGCA	26
TCAGCC	26
TCAGCG	11
TCAGCT	10
TCAGGA	24
TCAGGC	12
TCAGGG	20
TCAGGT	14
TCAGTA	23
TCAGTC	22
TCAGTG	21
TCAGTT	32
TCATAA	84
TCATAC	42
TCATAG	52
TCATAT	96
TCATCA	49
TCATCC	38
TCATCG	24
TCATCT	49
TCATGA	41
TCATGC	19
TCATGG	44
TCATGT	33
TCATTA	94
TCATTC	86
TCATTG	54
TCATTT	117
TCCAAA	85
TCCAAC	41
TCCAAG	46
TCCAAT	101
TCCACA	43
TCCACC	29
TCCACG	18
TCCACT	41
TCCAGA	33
TCCAGC	20
TCCAGG	32
TCCAGT	37
TCCATA	81
TCCATC	49
TCCATG	48
TCCATT	124
TCCCAA	53
TCCCAC	21
TCCCAG	27
TCCCAT	68
TCCCCA	46
TCCCCC	38
TCCCCG	24
TCCCCT	54
TCCCGA	45
TCCCGC	23
TCCCGG	31
TCCCGT	23
TCCCTA	25
TCCCTC	47
TCCCTG	29
TCCCTT	70
TCCGAA	47
TCCGAC	20
TCCGAG	29
TCCGAT	42
TCCGCA	16
TCCGCC	31
TCCGCG	15
TCCGCT	29
TCCGGA	34
TCCGGC	21
TCCGGG	33
TCCGGT	28
TCCGTA	29
TCCGTC	23
TCCGTG	22
TCCGTT	52
TCCTAA	57
TCCTAC	39
TCCTAG	32
TCCTAT	90
TCCTCA	26
TCCTCC	46
TCCTCG	32
TCCTCT	63
TCCTGA	38
TCCTGC	19
TCCTGG	35
TCCTGT	34
TCCTTA	51
TCCTTC	65
TCCTTG	49
TCCTTT	125
TCGAAA	79
TCGAAC	57
TCGAAG	40
TCGAAT	105
TCGACA	19
TCGACC	30
TCGACG	23
TCGACT	27
TCGAGA	53
TCGAGC	27
TCGAGG	15
TCGAGT	33
TCGATA	62
TCGATC	53
TCGATG	33
TCGATT	101
TCGCAA	21
TCGCAC	15
TCGCAG	13
TCGCAT	18
TCGCCA	22
TCGCCC	27
TCGCCG	11
TCGCCT	17
TCGCGA	14
TCGCGC	8
TCGCGG	17
TCGCGT	15
TCGCTA	18
TCGCTC	17
TCGCTG	8
TCGCTT	24
TCGGAA	62
TCGGAC	19
TCGGAG	16
TCGGAT	48
TCGGCA	25
TCGGCC	14
TCGGCG	13
TCGGCT	21
TCGGGA	33
TCGGGC	17
TCGGGG	33
TCGGGT	29
TCGGTA	28
TCGGTC	18
TCGGTG	11
TCGGTT	42
TCGTAA	36
TCGTAC	25
TCGTAG	24
TCGTAT	41
TCGTCA	20
TCGTCC	23
TCGTCG	13
TCGTCT	24
TCGTGA	30
TCGTGC	16
TCGTGG	19
TCGTGT	21
TCGTTA	35
TCGTTC	33
TCGTTG	33
TCGTTT	48
TCTAAA	58
TCTAAC	27
TCTAAG	41
TCTAAT	79
TCTACA	36
TCTACC	51
TCTACG	25
TCTACT	45
TCTAGA	52
TCTAGC	20
TCTAGG	36
TCTAGT	46
TCTATA	86
TCTATC	69
TCTATG	53
TCTATT	145
TCTCAA	55
TCTCAC	21
TCTCAG	28
TCTCAT	59
TCTCCA	37
TCTCCC	44
TCTCCG	27
TCTCCT	34
TCTCGA	56
TCTCGC	19
TCTCGG	26
TCTCGT	23
TCTCTA	47
TCTCTC	59
TCTCTG	25
TCTCTT	113
TCTGAA	55
TCTGAC	29
TCTGAG	26
TCTGAT	50
TCTGCA	25
TCTGCC	24
TCTGCG	17
TCTGCT	35
TCTGGA	36
TCTGGC	16
TCTGGG	27
TCTGGT	32
TCTGTA	40
TCTGTC	30
TCTGTG	18
TCTGTT	43
TCTTAA	56
TCTTAC	35
TCTTAG	43
TCTTAT	81
TCTTCA	62
TCTTCC	79
TCTTCG	44
TCTTCT	121
TCTTGA	83
TCTTGC	28
TCTTGG	44
TCTTGT	68
TCTTTA	77
TCTTTC	153
TCTTTG	94
TCTTTT	258
TGAAAA	133
TGAAAC	55
TGAAAG	85
TGAAAT	131
TGAACA	44
TGAACC	55
TGAACG	18
TGAACT	48
TGAAGA	52
TGAAGC	29
TGAAGG	29
TGAAGT	45
TGAATA	132
TGAATC	100
TGAATG	53
TGAATT	118
TGACAA	24
TGACAC	17
TGACAG	15
TGACAT	31
TGACCA	40
TGACCC	38
TGACCG	17
TGACCT	33
TGACGA	22
TGACGC	6
TGACGG	17
TGACGT	16
TGACTA	24
TGACTC	31
TGACTG	28
TGACTT	36
TGAGAA	60
TGAGAC	24
TGAGAG	28
TGAGAT	66
TGAGCA	35
TGAGCC	19
TGAGCG	10
TGAGCT	30
TGAGGA	28
TGAGGC	14
TGAGGG	20
TGAGGT	25
TGAGTA	36
TGAGTC	26
TGAGTG	14
TGAGTT	47
TGATAA	80
TGATAC	44
TGATAG	47
TGATAT	76
TGATCA	60
TGATCC	59
TGATCG	33
TGATCT	47
TGATGA	62
TGATGC	18
TGATGG	28
TGATGT	32
TGATTA	56
TGATTC	92
TGATTG	61
TGATTT	100
TGCAAA	40
TGCAAC	14
TGCAAG	27
TGCAAT	37
TGCACA	10
TGCACC	13
TGCACG	12
TGCACT	15
TGCAGA	20
TGCAGC	12
TGCAGG	15
TGCAGT	19
TGCATA	43
TGCATC	31
TGCATG	24
TGCATT	39
TGCCAA	31
TGCCAC	11
TGCCAG	9
TGCCAT	27
TGCCCA	24
TGCCCC	26
TGCCCG	12
TGCCCT	15
TGCCGA	17
TGCCGC	12
TGCCGG	16
TGCCGT	14
TGCCTA	21
TGCCTC	20
TGCCTG	12
TGCCTT	29
TGCGAA	23
TGCGAC	6
TGCGAG	7
TGCGAT	12
TGCGCA	6
TGCGCC	12
TGCGCG	5
TGCGCT	13
TGCGGA	24
TGCGGC	6
TGCGGG	18
TGCGGT	20
TGCGTA	14
TGCGTC	10
TGCGTG	13
TGCGTT	21
TGCTAA	23
TGCTAC	35
TGCTAG	26
TGCTAT	36
TGCTCA	19
TGCTCC	28
TGCTCG	19
TGCTCT	27
TGCTGA	28
TGCTGC	19
TGCTGG	12
TGCTGT	16
TGCTTA	34
TGCTTC	43
TGCTTG	39
TGCTTT	68
TGGAAA	71
TGGAAC	32
TGGAAG	52
TGGAAT	119
TGGACA	29
TGGACC	27
TGGACG	19
TGGACT	18
TGGAGA	39
TGGAGC	21
TGGAGG	19
TGGAGT	26
TGGATA	65
TGGATC	69
TGGATG	36
TGGATT	117
TGGCAA	22
TGGCAC	13
TGGCAG	14
TGGCAT	30
TGGCCA	17
TGGCCC	15
TGGCCG	14
TGGCCT	14
TGGCGA	18
TGGCGC	7
TGGCGG	11
TGGCGT	8
TGGCTA	41
TGGCTC	26
TGGCTG	20
TGGCTT	29
TGGGAA	42
TGGGAC	16
TGGGAG	33
TGGGAT	56
TGGGCA	19
TGGGCC	24
TGGGCG	18
TGGGCT	26
TGGGGA	37
TGGGGC	16
TGGGGG	23
TGGGGT	39
TGGGTA	30
TGGGTC	22
TGGGTG	33
TGGGTT	51
TGGTAA	51
TGGTAC	19
TGGTAG	27
TGGTAT	52
TGGTCA	20
TGGTCC	30
TGGTCG	20
TGGTCT	25
TGGTGA	25
TGGTGC	14
TGGTGG	23
TGGTGT	21
TGGTTA	41
TGGTTC	57
TGGTTG	34
TGGTTT	45
TGTAAA	60
TGTAAC	40
TGTAAG	16
TGTAAT	40
TGTACA	37
TGTACC	28
TGTACG	17
TGTACT	27
TGTAGA	31
TGTAGC	29
TGTAGG	30
TGTAGT	18
TGTATA	52
TGTATC	52
TGTATG	43
TGTATT	75
TGTCAA	44
TGTCAC	14
TGTCAG	9
TGTCAT	28
TGTCCA	29
TGTCCC	19
TGTCCG	15
TGTCCT	21
TGTCGA	21
TGTCGC	8
TGTCGG	14
TGTCGT	9
TGTCTA	37
TGTCTC	26
TGTCTG	18
TGTCTT	39
TGTGAA	48
TGTGAC	17
TGTGAG	20
TGTGAT	36
TGTGCA	18
TGTGCC	12
TGTGCG	8
TGTGCT	18
TGTGGA	28
TGTGGC	12
TGTGGG	19
TGTGGT	16
TGTGTA	32
TGTGTC	23
TGTGTG	14
TGTGTT	26
TGTTAA	37
TGTTAC	24
TGTTAG	19
TGTTAT	57
TGTTCA	50
TGTTCC	61
TGTTCG	29
TGTTCT	52
TGTTGA	52
TGTTGC	21
TGTTGG	27
TGTTGT	42
TGTTTA	34
TGTTTC	65
TGTTTG	40
TGTTTT	77
TTAAAA	92
TTAAAC	39
TTAAAG	35
TTAAAT	90
TTAACA	34
TTAACC	37
TTAACG	15
TTAACT	40
TTAAGA	52
TTAAGC	13
TTAAGG	20
TTAAGT	31
TTAATA	89
TTAATC	66
TTAATG	41
TTAATT	128
TTACAA	60
TTACAC	27
TTACAG	25
TTACAT	53
TTACCA	42
TTACCC	36
TTACCG	17
TTACCT	31
TTACGA	30
TTACGC	16
TTACGG	23
TTACGT	25
TTACTA	63
TTACTC	44
TTACTG	29
TTACTT	81
TTAGAA	75
TTAGAC	27
TTAGAG	31
TTAGAT	75
TTAGCA	27
TTAGCC	26
TTAGCG	13
TTAGCT	41
TTAGGA	48
TTAGGC	19
TTAGGG	20
TTAGGT	29
TTAGTA	58
TTAGTC	37
TTAGTG	32
TTAGTT	57
TTATAA	69
TTATAC	39
TTATAG	49
TTATAT	89
TTATCA	86
TTATCC	58
TTATCG	32
TTATCT	74
TTATGA	73
TTATGC	33
TTATGG	40
TTATGT	45
TTATTA	130
TTATTC	109
TTATTG	83
TTATTT	234
TTCAAA	146
TTCAAC	62
TTCAAG	60
TTCAAT	137
TTCACA	46
TTCACC	39
TTCACG	28
TTCACT	39
TTCAGA	64
TTCAGC	21
TTCAGG	31
TTCAGT	35
TTCATA	118
TTCATC	68
TTCATG	66
TTCATT	167
TTCCAA	108
TTCCAC	49
TTCCAG	47
TTCCAT	139
TTCCCA	42
TTCCCC	57
TTCCCG	43
TTCCCT	64
TTCCGA	51
TTCCGC	34
TTCCGG	41
TTCCGT	49
TTCCTA	87
TTCCTC	76
TTCCTG	51
TTCCTT	129
TTCGAA	107
TTCGAC	32
TTCGAG	51
TTCGAT	104
TTCGCA	22
TTCGCC	31
TTCGCG	21
TTCGCT	23
TTCGGA	53
TTCGGC	26
TTCGGG	49
TTCGGT	31
TTCGTA	44
TTCGTC	33
TTCGTG	27
TTCGTT	64
TTCTAA	69
TTCTAC	59
TTCTAG	73
TTCTAT	149
TTCTCA	62
TTCTCC	54
TTCTCG	49
TTCTCT	97
TTCTGA	64
TTCTGC	41
TTCTGG	39
TTCTGT	56
TTCTTA	104
TTCTTC	148
TTCTTG	110
TTCTTT	252
TTGAAA	151
TTGAAC	68
TTGAAG	53
TTGAAT	158
TTGACA	33
TTGACC	54
TTGACG	22
TTGACT	43
TTGAGA	61
TTGAGC	27
TTGAGG	28
TTGAGT	45
TTGATA	106
TTGATC	93
TTGATG	49
TTGATT	153
TTGCAA	36
TTGCAC	19
TTGCAG	16
TTGCAT	41
TTGCCA	27
TTGCCC	21
TTGCCG	17
TTGCCT	25
TTGCGA	15
TTGCGC	11
TTGCGG	18
TTGCGT	22
TTGCTA	40
TTGCTC	31
TTGCTG	26
TTGCTT	62
TTGGAA	103
TTGGAC	26
TTGGAG	38
TTGGAT	97
TTGGCA	31
TTGGCC	24
TTGGCG	13
TTGGCT	47
TTGGGA	45
TTGGGC	35
TTGGGG	38
TTGGGT	51
TTGGTA	64
TTGGTC	43
TTGGTG	36
TTGGTT	78
TTGTAA	53
TTGTAC	47
TTGTAG	42
TTGTAT	91
TTGTCA	34
TTGTCC	30
TTGTCG	17
TTGTCT	53
TTGTGA	46
TTGTGC	22
TTGTGG	31
TTGTGT	41
TTGTTA	66
TTGTTC	97
TTGTTG	78
TTGTTT	116
TTTAAA	76
TTTAAC	39
TTTAAG	33
TTTAAT	100
TTTACA	58
TTTACC	56
TTTACG	28
TTTACT	71
TTTAGA	60
TTTAGC	38
TTTAGG	46
TTTAGT	54
TTTATA	89
TTTATC	112
TTTATG	69
TTTATT	235
TTTCAA	125
TTTCAC	50
TTTCAG	46
TTTCAT	157
TTTCCA	112
TTTCCC	74
TTTCCG	56
TTTCCT	109
TTTCGA	89
TTTCGC	40
TTTCGG	58
TTTCGT	63
TTTCTA	151
TTTCTC	114
TTTCTG	72
TTTCTT	235
TTTGAA	140
TTTGAC	47
TTTGAG	52
TTTGAT	161
TTTGCA	37
TTTGCC	37
TTTGCG	20
TTTGCT	55
TTTGGA	82
TTTGGC	43
TTTGGG	52
TTTGGT	72
TTTGTA	95
TTTGTC	62
TTTGTG	53
TTTGTT	134
TTTTAA	101
TTTTAC	88
TTTTAG	73
TTTTAT	217
TTTTCA	113
TTTTCC	118
TTTTCG	75
TTTTCT	186
TTTTGA	155
TTTTGC	49
TTTTGG	103
TTTTGT	157
TTTTTA	217
TTTTTC	219
TTTTTG	205
TTTTTT	582
