AAAAAA	500
AAAAAC	105
AAAAAG	229
AAAAAT	286
AAAACA	92
AAAACC	76
AAAACG	38
AAAACT	69
AAAAGA	219
AAAAGC	62
AAAAGG	132
AAAAGT	72
AAAATA	207
AAAATC	121
AAAATG	137
AAAATT	164
AAACAA	105
AAACAC	23
AAACAG	38
AAACAT	64
AAACCA	58
AAACCC	41
AAACCG	27
AAACCT	53
AAACGA	48
AAACGC	12
AAACGG	33
AAACGT	24
AAACTA	64
AAACTC	41
AAACTG	33
AAACTT	68
AAAGAA	249
AAAGAC	61
AAAGAG	91
AAAGAT	150
AAAGCA	55
AAAGCC	40
AAAGCG	23
AAAGCT	36
AAAGGA	118
AAAGGC	35
AAAGGG	68
AAAGGT	43
AAAGTA	55
AAAGTC	36
AAAGTG	32
AAAGTT	70
AAATAA	220
AAATAC	83
AAATAG	128
AAATAT	177
AAATCA	103
AAATCC	90
AAATCG	51
AAATCT	91
AAATGA	146
AAATGC	49
AAATGG	106
AAATGT	52
AAATTA	122
AAATTC	116
AAATTG	111
AAATTT	135
AACAAA	112
AACAAC	40
AACAAG	77
AACAAT	81
AACACA	18
AACACC	17
AACACG	12
AACACT	14
AACAGA	50
AACAGC	22
AACAGG	37
AACAGT	31
AACATA	65
AACATC	26
AACATG	34
AACATT	48
AACCAA	84
AACCAC	27
AACCAG	27
AACCAT	53
AACCCA	55
AACCCC	31
AACCCG	24
AACCCT	43
AACCGA	37
AACCGC	14
AACCGG	17
AACCGT	21
AACCTA	44
AACCTC	29
AACCTG	25
AACCTT	35
AACGAA	60
AACGAC	23
AACGAG	27
AACGAT	26
AACGCA	15
AACGCC	14
AACGCG	14
AACGCT	16
AACGGA	39
AACGGC	12
AACGGG	23
AACGGT	12
AACGTA	22
AACGTC	22
AACGTG	13
AACGTT	19
AACTAA	61
AACTAC	28
AACTAG	40
AACTAT	68
AACTCA	43
AACTCC	47
AACTCG	19
AACTCT	49
AACTGA	38
AACTGC	23
AACTGG	25
AACTGT	29
AACTTA	44
AACTTC	49
AACTTG	43
AACTTT	75
AAGAAA	213
AAGAAC	82
AAGAAG	134
AAGAAT	175
AAGACA	40
AAGACC	36
AAGACG	26
AAGACT	39
AAGAGA	92
AAGAGC	31
AAGAGG	63
AAGAGT	48
AAGATA	99
AAGATC	91
AAGATG	60
AAGATT	84
AAGCAA	52
AAGCAC	23
AAGCAG	38
AAGCAT	37
AAGCCA	23
AAGCCC	24
AAGCCG	19
AAGCCT	26
AAGCGA	23
AAGCGC	11
AAGCGG	22
AAGCGT	20
AAGCTA	32
AAGCTC	27
AAGCTG	20
AAGCTT	35
AAGGAA	101
AAGGAC	19
AAGGAG	47
AAGGAT	92
AAGGCA	24
AAGGCC	31
AAGGCG	23
AAGGCT	19
AAGGGA	52
AAGGGC	35
AAGGGG	52
AAGGGT	43
AAGGTA	42
AAGGTC	22
AAGGTG	14
AAGGTT	44
AAGTAA	71
AAGTAC	28
AAGTAG	49
AAGTAT	61
AAGTCA	34
AAGTCC	24
AAGTCG	31
AAGTCT	29
AAGTGA	38
AAGTGC	21
AAGTGG	41
AAGTGT	17
AAGTTA	40
AAGTTC	49
AAGTTG	42
AAGTTT	71
AATAAA	244
AATAAC	75
AATAAG	88
AATAAT	153
AATACA	62
AATACC	59
AATACG	39
AATACT	58
AATAGA	152
AATAGC	52
AATAGG	81
AATAGT	76
AATATA	122
AATATC	88
AATATG	81
AATATT	156
AATCAA	155
AATCAC	42
AATCAG	42
AATCAT	90
AATCCA	103
AATCCC	59
AATCCG	48
AATCCT	77
AATCGA	80
AATCGC	25
AATCGG	46
AATCGT	35
AATCTA	62
AATCTC	56
AATCTG	31
AATCTT	99
AATGAA	144
AATGAC	47
AATGAG	62
AATGAT	114
AATGCA	43
AATGCC	32
AATGCG	20
AATGCT	31
AATGGA	117
AATGGC	35
AATGGG	57
AATGGT	53
AATGTA	49
AATGTC	25
AATGTG	36
AATGTT	47
AATTAA	95
AATTAC	56
AATTAG	85
AATTAT	133
AATTCA	114
AATTCC	86
AATTCG	59
AATTCT	124
AATTGA	131
AATTGC	54
AATTGG	116
AATTGT	81
AATTTA	98
AATTTC	109
AATTTG	93
AATTTT	170
ACAAAA	108
ACAAAC	35
ACAAAG	54
ACAAAT	88
ACAACA	25
ACAACC	26
ACAACG	18
ACAACT	35
ACAAGA	62
ACAAGC	20
ACAAGG	34
ACAAGT	50
ACAATA	69
ACAATC	29
ACAATG	43
ACAATT	85
ACACAA	28
ACACAC	13
ACACAG	13
ACACAT	23
ACACCA	20
ACACCC	6
ACACCG	13
ACACCT	13
ACACGA	16
ACACGC	9
ACACGG	10
ACACGT	9
ACACTA	20
ACACTC	9
ACACTG	9
ACACTT	18
ACAGAA	69
ACAGAC	16
ACAGAG	22
ACAGAT	36
ACAGCA	18
ACAGCC	17
ACAGCG	5
ACAGCT	23
ACAGGA	31
ACAGGC	18
ACAGGG	18
ACAGGT	21
ACAGTA	27
ACAGTC	12
ACAGTG	12
ACAGTT	28
ACATAA	58
ACATAC	20
ACATAG	35
ACATAT	69
ACATCA	29
ACATCC	29
ACATCG	16
ACATCT	44
ACATGA	28
ACATGC	25
ACATGG	25
ACATGT	34
ACATTA	37
ACATTC	41
ACATTG	29
ACATTT	54
ACCAAA	82
ACCAAC	40
ACCAAG	39
ACCAAT	62
ACCACA	20
ACCACC	21
ACCACG	15
ACCACT	25
ACCAGA	35
ACCAGC	15
ACCAGG	15
ACCAGT	12
ACCATA	40
ACCATC	30
ACCATG	20
ACCATT	41
ACCCAA	48
ACCCAC	20
ACCCAG	24
ACCCAT	50
ACCCCA	30
ACCCCC	21
ACCCCG	15
ACCCCT	36
ACCCGA	19
ACCCGC	19
ACCCGG	17
ACCCGT	22
ACCCTA	18
ACCCTC	18
ACCCTG	18
ACCCTT	47
ACCGAA	30
ACCGAC	13
ACCGAG	23
ACCGAT	33
ACCGCA	14
ACCGCC	18
ACCGCG	9
ACCGCT	16
ACCGGA	22
ACCGGC	9
ACCGGG	16
ACCGGT	16
ACCGTA	26
ACCGTC	14
ACCGTG	12
ACCGTT	16
ACCTAA	36
ACCTAC	20
ACCTAG	15
ACCTAT	51
ACCTCA	17
ACCTCC	20
ACCTCG	21
ACCTCT	30
ACCTGA	22
ACCTGC	10
ACCTGG	20
ACCTGT	25
ACCTTA	27
ACCTTC	35
ACCTTG	29
ACCTTT	43
ACGAAA	63
ACGAAC	21
ACGAAG	33
ACGAAT	63
ACGACA	11
ACGACC	16
ACGACG	20
ACGACT	12
ACGAGA	27
ACGAGC	15
ACGAGG	16
ACGAGT	15
ACGATA	24
ACGATC	26
ACGATG	14
ACGATT	36
ACGCAA	13
ACGCAC	8
ACGCAG	6
ACGCAT	13
ACGCCA	12
ACGCCC	17
ACGCCG	4
ACGCCT	17
ACGCGA	12
ACGCGC	7
ACGCGG	9
ACGCGT	6
ACGCTA	4
ACGCTC	13
ACGCTG	11
ACGCTT	20
ACGGAA	35
ACGGAC	14
ACGGAG	21
ACGGAT	31
ACGGCA	6
ACGGCC	12
ACGGCG	14
ACGGCT	23
ACGGGA	21
ACGGGC	13
ACGGGG	19
ACGGGT	20
ACGGTA	20
ACGGTC	6
ACGGTG	9
ACGGTT	20
ACGTAA	24
ACGTAC	10
ACGTAG	15
ACGTAT	25
ACGTCA	19
ACGTCC	17
ACGTCG	11
ACGTCT	21
ACGTGA	16
ACGTGC	11
ACGTGG	9
ACGTGT	12
ACGTTA	5
ACGTTC	20
ACGTTG	13
ACGTTT	25
ACTAAA	59
ACTAAC	12
ACTAAG	34
ACTAAT	49
ACTACA	25
ACTACC	18
ACTACG	15
ACTACT	27
ACTAGA	42
ACTAGC	19
ACTAGG	22
ACTAGT	19
ACTATA	52
ACTATC	32
ACTATG	38
ACTATT	70
ACTCAA	51
ACTCAC	12
ACTCAG	16
ACTCAT	37
ACTCCA	35
ACTCCC	25
ACTCCG	18
ACTCCT	41
ACTCGA	31
ACTCGC	10
ACTCGG	18
ACTCGT	19
ACTCTA	38
ACTCTC	20
ACTCTG	25
ACTCTT	45
ACTGAA	40
ACTGAC	12
ACTGAG	20
ACTGAT	38
ACTGCA	23
ACTGCC	16
ACTGCG	12
ACTGCT	30
ACTGGA	32
ACTGGC	6
ACTGGG	13
ACTGGT	15
ACTGTA	19
ACTGTC	20
ACTGTG	11
ACTGTT	27
ACTTAA	31
ACTTAC	27
ACTTAG	19
ACTTAT	61
ACTTCA	43
ACTTCC	33
ACTTCG	31
ACTTCT	64
ACTTGA	51
ACTTGC	13
ACTTGG	38
ACTTGT	38
ACTTTA	46
ACTTTC	44
ACTTTG	31
ACTTTT	88
AGAAAA	197
AGAAAC	64
AGAAAG	91
AGAAAT	175
AGAACA	48
AGAACC	49
AGAACG	28
AGAACT	62
AGAAGA	124
AGAAGC	49
AGAAGG	68
AGAAGT	55
AGAATA	107
AGAATC	101
AGAATG	57
AGAATT	143
AGACAA	53
AGACAC	9
AGACAG	28
AGACAT	39
AGACCA	26
AGACCC	23
AGACCG	12
AGACCT	24
AGACGA	25
AGACGC	16
AGACGG	17
AGACGT	8
AGACTA	22
AGACTC	19
AGACTG	13
AGACTT	33
AGAGAA	81
AGAGAC	31
AGAGAG	46
AGAGAT	85
AGAGCA	27
AGAGCC	20
AGAGCG	23
AGAGCT	25
AGAGGA	67
AGAGGC	24
AGAGGG	41
AGAGGT	31
AGAGTA	36
AGAGTC	27
AGAGTG	16
AGAGTT	50
AGATAA	76
AGATAC	57
AGATAG	44
AGATAT	103
AGATCA	46
AGATCC	61
AGATCG	35
AGATCT	80
AGATGA	56
AGATGC	33
AGATGG	50
AGATGT	46
AGATTA	50
AGATTC	72
AGATTG	45
AGATTT	92
AGCAAA	43
AGCAAC	21
AGCAAG	30
AGCAAT	65
AGCACA	17
AGCACC	22
AGCACG	13
AGCACT	20
AGCAGA	32
AGCAGC	24
AGCAGG	21
AGCAGT	28
AGCATA	22
AGCATC	24
AGCATG	26
AGCATT	44
AGCCAA	37
AGCCAC	16
AGCCAG	15
AGCCAT	33
AGCCCA	25
AGCCCC	28
AGCCCG	11
AGCCCT	23
AGCCGA	28
AGCCGC	15
AGCCGG	17
AGCCGT	22
AGCCTA	19
AGCCTC	18
AGCCTG	13
AGCCTT	29
AGCGAA	23
AGCGAC	11
AGCGAG	12
AGCGAT	14
AGCGCA	10
AGCGCC	10
AGCGCG	3
AGCGCT	6
AGCGGA	23
AGCGGC	13
AGCGGG	19
AGCGGT	17
AGCGTA	12
AGCGTC	9
AGCGTG	11
AGCGTT	17
AGCTAA	38
AGCTAC	32
AGCTAG	19
AGCTAT	44
AGCTCA	26
AGCTCC	25
AGCTCG	21
AGCTCT	38
AGCTGA	11
AGCTGC	20
AGCTGG	16
AGCTGT	17
AGCTTA	21
AGCTTC	34
AGCTTG	23
AGCTTT	33
AGGAAA	85
AGGAAC	46
AGGAAG	55
AGGAAT	98
AGGACA	12
AGGACC	22
AGGACG	11
AGGACT	18
AGGAGA	44
AGGAGC	31
AGGAGG	37
AGGAGT	30
AGGATA	40
AGGATC	56
AGGATG	35
AGGATT	103
AGGCAA	25
AGGCAC	10
AGGCAG	12
AGGCAT	37
AGGCCA	17
AGGCCC	26
AGGCCG	6
AGGCCT	26
AGGCGA	18
AGGCGC	15
AGGCGG	15
AGGCGT	18
AGGCTA	14
AGGCTC	14
AGGCTG	15
AGGCTT	19
AGGGAA	49
AGGGAC	16
AGGGAG	25
AGGGAT	49
AGGGCA	23
AGGGCC	18
AGGGCG	13
AGGGCT	30
AGGGGA	30
AGGGGC	25
AGGGGG	37
AGGGGT	38
AGGGTA	31
AGGGTC	25
AGGGTG	16
AGGGTT	38
AGGTAA	35
AGGTAC	26
AGGTAG	25
AGGTAT	54
AGGTCA	16
AGGTCC	18
AGGTCG	9
AGGTCT	26
AGGTGA	20
AGGTGC	15
AGGTGG	15
AGGTGT	18
AGGTTA	26
AGGTTC	48
AGGTTG	23
AGGTTT	39
AGTAAA	70
AGTAAC	27
AGTAAG	38
AGTAAT	67
AGTACA	24
AGTACC	28
AGTACG	15
AGTACT	22
AGTAGA	41
AGTAGC	34
AGTAGG	24
AGTAGT	33
AGTATA	47
AGTATC	41
AGTATG	33
AGTATT	68
AGTCAA	47
AGTCAC	18
AGTCAG	22
AGTCAT	31
AGTCCA	19
AGTCCC	19
AGTCCG	16
AGTCCT	20
AGTCGA	31
AGTCGC	17
AGTCGG	22
AGTCGT	14
AGTCTA	18
AGTCTC	22
AGTCTG	14
AGTCTT	37
AGTGAA	47
AGTGAC	17
AGTGAG	23
AGTGAT	50
AGTGCA	14
AGTGCC	11
AGTGCG	8
AGTGCT	28
AGTGGA	46
AGTGGC	15
AGTGGG	21
AGTGGT	28
AGTGTA	14
AGTGTC	11
AGTGTG	16
AGTGTT	22
AGTTAA	32
AGTTAC	33
AGTTAG	27
AGTTAT	67
AGTTCA	42
AGTTCC	33
AGTTCG	28
AGTTCT	58
AGTTGA	60
AGTTGC	16
AGTTGG	39
AGTTGT	39
AGTTTA	31
AGTTTC	54
AGTTTG	37
AGTTTT	79
ATAAAA	227
ATAAAC	47
ATAAAG	87
ATAAAT	173
ATAACA	52
ATAACC	40
ATAACG	25
ATAACT	72
ATAAGA	99
ATAAGC	24
ATAAGG	45
ATAAGT	53
ATAATA	127
ATAATC	70
ATAATG	68
ATAATT	120
ATACAA	90
ATACAC	33
ATACAG	27
ATACAT	78
ATACCA	39
ATACCC	34
ATACCG	37
ATACCT	45
ATACGA	44
ATACGC	16
ATACGG	28
ATACGT	24
ATACTA	46
ATACTC	33
ATACTG	23
ATACTT	64
ATAGAA	149
ATAGAC	33
ATAGAG	64
ATAGAT	112
ATAGCA	41
ATAGCC	30
ATAGCG	12
ATAGCT	41
ATAGGA	78
ATAGGC	24
ATAGGG	35
ATAGGT	43
ATAGTA	66
ATAGTC	30
ATAGTG	39
ATAGTT	59
ATATAA	114
ATATAC	51
ATATAG	81
ATATAT	137
ATATCA	69
ATATCC	56
ATATCG	35
ATATCT	96
ATATGA	95
ATATGC	39
ATATGG	64
ATATGT	50
ATATTA	93
ATATTC	110
ATATTG	89
ATATTT	164
ATCAAA	163
ATCAAC	45
ATCAAG	43
ATCAAT	136
ATCACA	31
ATCACC	23
ATCACG	19
ATCACT	43
ATCAGA	56
ATCAGC	14
ATCAGG	18
ATCAGT	32
ATCATA	86
ATCATC	45
ATCATG	40
ATCATT	94
ATCCAA	106
ATCCAC	46
ATCCAG	41
ATCCAT	93
ATCCCA	52
ATCCCC	35
ATCCCG	26
ATCCCT	54
ATCCGA	38
ATCCGC	27
ATCCGG	38
ATCCGT	31
ATCCTA	57
ATCCTC	32
ATCCTG	42
ATCCTT	91
ATCGAA	95
ATCGAC	24
ATCGAG	35
ATCGAT	72
ATCGCA	22
ATCGCC	13
ATCGCG	11
ATCGCT	19
ATCGGA	46
ATCGGC	19
ATCGGG	30
ATCGGT	18
ATCGTA	31
ATCGTC	22
ATCGTG	22
ATCGTT	34
ATCTAA	70
ATCTAC	38
ATCTAG	34
ATCTAT	129
ATCTCA	70
ATCTCC	30
ATCTCG	28
ATCTCT	80
ATCTGA	39
ATCTGC	22
ATCTGG	28
ATCTGT	36
ATCTTA	51
ATCTTC	51
ATCTTG	62
ATCTTT	145
ATGAAA	153
ATGAAC	46
ATGAAG	59
ATGAAT	141
ATGACA	24
ATGACC	37
ATGACG	13
ATGACT	38
ATGAGA	61
ATGAGC	37
ATGAGG	27
ATGAGT	58
ATGATA	82
ATGATC	67
ATGATG	51
ATGATT	97
ATGCAA	39
ATGCAC	18
ATGCAG	26
ATGCAT	50
ATGCCA	28
ATGCCC	27
ATGCCG	13
ATGCCT	27
ATGCGA	12
ATGCGC	14
ATGCGG	12
ATGCGT	16
ATGCTA	31
ATGCTC	28
ATGCTG	22
ATGCTT	42
ATGGAA	133
ATGGAC	35
ATGGAG	42
ATGGAT	110
ATGGCA	28
ATGGCC	22
ATGGCG	19
ATGGCT	36
ATGGGA	54
ATGGGC	25
ATGGGG	41
ATGGGT	35
ATGGTA	60
ATGGTC	31
ATGGTG	22
ATGGTT	52
ATGTAA	54
ATGTAC	31
ATGTAG	34
ATGTAT	79
ATGTCA	31
ATGTCC	22
ATGTCG	14
ATGTCT	31
ATGTGA	38
ATGTGC	16
ATGTGG	28
ATGTGT	32
ATGTTA	41
ATGTTC	42
ATGTTG	27
ATGTTT	46
ATTAAA	90
ATTAAC	51
ATTAAG	44
ATTAAT	107
ATTACA	50
ATTACC	40
ATTACG	35
ATTACT	65
ATTAGA	90
ATTAGC	40
ATTAGG	39
ATTAGT	85
ATTATA	97
ATTATC	77
ATTATG	67
ATTATT	140
ATTCAA	163
ATTCAC	62
ATTCAG	50
ATTCAT	140
ATTCCA	101
ATTCCC	39
ATTCCG	37
ATTCCT	99
ATTCGA	86
ATTCGC	22
ATTCGG	46
ATTCGT	43
ATTCTA	95
ATTCTC	69
ATTCTG	46
ATTCTT	139
ATTGAA	142
ATTGAC	47
ATTGAG	55
ATTGAT	130
ATTGCA	36
ATTGCC	23
ATTGCG	22
ATTGCT	63
ATTGGA	105
ATTGGC	42
ATTGGG	72
ATTGGT	85
ATTGTA	66
ATTGTC	37
ATTGTG	37
ATTGTT	77
ATTTAA	87
ATTTAC	68
ATTTAG	47
ATTTAT	178
ATTTCA	125
ATTTCC	72
ATTTCG	68
ATTTCT	169
ATTTGA	148
ATTTGC	49
ATTTGG	64
ATTTGT	88
ATTTTA	130
ATTTTC	107
ATTTTG	139
ATTTTT	298
CAAAAA	171
CAAAAC	52
CAAAAG	71
CAAAAT	99
CAAACA	45
CAAACC	35
CAAACG	23
CAAACT	34
CAAAGA	83
CAAAGC	26
CAAAGG	43
CAAAGT	31
CAAATA	109
CAAATC	67
CAAATG	58
CAAATT	98
CAACAA	71
CAACAC	11
CAACAG	29
CAACAT	27
CAACCA	32
CAACCC	29
CAACCG	13
CAACCT	20
CAACGA	28
CAACGC	13
CAACGG	19
CAACGT	12
CAACTA	33
CAACTC	40
CAACTG	19
CAACTT	43
CAAGAA	94
CAAGAC	16
CAAGAG	39
CAAGAT	61
CAAGCA	25
CAAGCC	16
CAAGCG	20
CAAGCT	22
CAAGGA	50
CAAGGC	17
CAAGGG	22
CAAGGT	28
CAAGTA	57
CAAGTC	29
CAAGTG	26
CAAGTT	44
CAATAA	100
CAATAC	50
CAATAG	51
CAATAT	91
CAATCA	61
CAATCC	49
CAATCG	28
CAATCT	25
CAATGA	59
CAATGC	31
CAATGG	50
CAATGT	42
CAATTA	88
CAATTC	90
CAATTG	76
CAATTT	111
CACAAA	40
CACAAC	20
CACAAG	27
CACAAT	41
CACACA	11
CACACC	11
CACACG	15
CACACT	17
CACAGA	19
CACAGC	13
CACAGG	11
CACAGT	3
CACATA	26
CACATC	25
CACATG	15
CACATT	32
CACCAA	33
CACCAC	17
CACCAG	13
CACCAT	13
CACCCA	20
CACCCC	16
CACCCG	8
CACCCT	16
CACCGA	16
CACCGC	14
CACCGG	16
CACCGT	9
CACCTA	20
CACCTC	10
CACCTG	11
CACCTT	22
CACGAA	30
CACGAC	11
CACGAG	13
CACGAT	19
CACGCA	5
CACGCC	7
CACGCG	7
CACGCT	10
CACGGA	15
CACGGC	13
CACGGG	10
CACGGT	10
CACGTA	9
CACGTC	14
CACGTG	11
CACGTT	16
CACTAA	24
CACTAC	14
CACTAG	16
CACTAT	41
CACTCA	20
CACTCC	17
CACTCG	15
CACTCT	16
CACTGA	23
CACTGC	20
CACTGG	16
CACTGT	13
CACTTA	19
CACTTC	35
CACTTG	24
CACTTT	36
CAGAAA	89
CAGAAC	25
CAGAAG	50
CAGAAT	57
CAGACA	19
CAGACC	14
CAGACG	9
CAGACT	9
CAGAGA	31
CAGAGC	15
CAGAGG	34
CAGAGT	19
CAGATA	39
CAGATC	26
CAGATG	30
CAGATT	41
CAGCAA	25
CAGCAC	11
CAGCAG	16
CAGCAT	16
CAGCCA	21
CAGCCC	16
CAGCCG	9
CAGCCT	11
CAGCGA	7
CAGCGC	3
CAGCGG	14
CAGCGT	9
CAGCTA	22
CAGCTC	18
CAGCTG	13
CAGCTT	21
CAGGAA	46
CAGGAC	9
CAGGAG	30
CAGGAT	33
CAGGCA	15
CAGGCC	9
CAGGCG	17
CAGGCT	12
CAGGGA	18
CAGGGC	16
CAGGGG	17
CAGGGT	19
CAGGTA	24
CAGGTC	10
CAGGTG	15
CAGGTT	20
CAGTAA	24
CAGTAC	21
CAGTAG	25
CAGTAT	25
CAGTCA	33
CAGTCC	11
CAGTCG	12
CAGTCT	7
CAGTGA	26
CAGTGC	11
CAGTGG	20
CAGTGT	9
CAGTTA	27
CAGTTC	35
CAGTTG	23
CAGTTT	32
CATAAA	72
CATAAC	38
CATAAG	44
CATAAT	68
CATACA	35
CATACC	28
CATACG	25
CATACT	25
CATAGA	59
CATAGC	19
CATAGG	28
CATAGT	37
CATATA	70
CATATC	55
CATATG	32
CATATT	91
CATCAA	52
CATCAC	12
CATCAG	18
CATCAT	36
CATCCA	38
CATCCC	28
CATCCG	15
CATCCT	31
CATCGA	37
CATCGC	11
CATCGG	15
CATCGT	18
CATCTA	46
CATCTC	38
CATCTG	23
CATCTT	48
CATGAA	54
CATGAC	22
CATGAG	32
CATGAT	41
CATGCA	30
CATGCC	21
CATGCG	7
CATGCT	29
CATGGA	47
CATGGC	19
CATGGG	24
CATGGT	34
CATGTA	40
CATGTC	23
CATGTG	22
CATGTT	34
CATTAA	60
CATTAC	43
CATTAG	41
CATTAT	66
CATTCA	63
CATTCC	48
CATTCG	24
CATTCT	57
CATTGA	56
CATTGC	27
CATTGG	29
CATTGT	39
CATTTA	68
CATTTC	90
CATTTG	71
CATTTT	121
CCAAAA	98
CCAAAC	32
CCAAAG	44
CCAAAT	71
CCAACA	38
CCAACC	30
CCAACG	16
CCAACT	42
CCAAGA	46
CCAAGC	31
CCAAGG	32
CCAAGT	34
CCAATA	71
CCAATC	41
CCAATG	42
CCAATT	92
CCACAA	36
CCACAC	14
CCACAG	9
CCACAT	25
CCACCA	19
CCACCC	19
CCACCG	16
CCACCT	16
CCACGA	19
CCACGC	7
CCACGG	13
CCACGT	9
CCACTA	20
CCACTC	27
CCACTG	22
CCACTT	39
CCAGAA	50
CCAGAC	11
CCAGAG	30
CCAGAT	30
CCAGCA	9
CCAGCC	11
CCAGCG	10
CCAGCT	20
CCAGGA	36
CCAGGC	10
CCAGGG	16
CCAGGT	15
CCAGTA	21
CCAGTC	19
CCAGTG	16
CCAGTT	23
CCATAA	53
CCATAC	32
CCATAG	37
CCATAT	49
CCATCA	27
CCATCC	31
CCATCG	23
CCATCT	40
CCATGA	42
CCATGC	24
CCATGG	31
CCATGT	26
CCATTA	46
CCATTC	51
CCATTG	36
CCATTT	110
CCCAAA	54
CCCAAC	27
CCCAAG	38
CCCAAT	61
CCCACA	14
CCCACC	15
CCCACG	13
CCCACT	22
CCCAGA	26
CCCAGC	11
CCCAGG	20
CCCAGT	17
CCCATA	39
CCCATC	32
CCCATG	30
CCCATT	69
CCCCAA	40
CCCCAC	13
CCCCAG	27
CCCCAT	38
CCCCCA	24
CCCCCC	32
CCCCCG	20
CCCCCT	32
CCCCGA	33
CCCCGC	9
CCCCGG	13
CCCCGT	13
CCCCTA	21
CCCCTC	25
CCCCTG	19
CCCCTT	56
CCCGAA	49
CCCGAC	10
CCCGAG	16
CCCGAT	27
CCCGCA	13
CCCGCC	10
CCCGCG	6
CCCGCT	15
CCCGGA	26
CCCGGC	12
CCCGGG	16
CCCGGT	20
CCCGTA	24
CCCGTC	17
CCCGTG	11
CCCGTT	22
CCCTAA	22
CCCTAC	14
CCCTAG	20
CCCTAT	29
CCCTCA	15
CCCTCC	24
CCCTCG	18
CCCTCT	37
CCCTGA	17
CCCTGC	19
CCCTGG	19
CCCTGT	20
CCCTTA	34
CCCTTC	49
CCCTTG	24
CCCTTT	71
CCGAAA	57
CCGAAC	20
CCGAAG	24
CCGAAT	53
CCGACA	14
CCGACC	20
CCGACG	8
CCGACT	16
CCGAGA	24
CCGAGC	20
CCGAGG	16
CCGAGT	15
CCGATA	21
CCGATC	32
CCGATG	22
CCGATT	41
CCGCAA	14
CCGCAC	12
CCGCAG	15
CCGCAT	18
CCGCCA	11
CCGCCC	23
CCGCCG	17
CCGCCT	14
CCGCGA	8
CCGCGC	6
CCGCGG	10
CCGCGT	6
CCGCTA	20
CCGCTC	10
CCGCTG	13
CCGCTT	18
CCGGAA	29
CCGGAC	14
CCGGAG	23
CCGGAT	29
CCGGCA	11
CCGGCC	10
CCGGCG	9
CCGGCT	12
CCGGGA	25
CCGGGC	14
CCGGGG	16
CCGGGT	14
CCGGTA	25
CCGGTC	13
CCGGTG	18
CCGGTT	23
CCGTAA	26
CCGTAC	20
CCGTAG	21
CCGTAT	25
CCGTCA	16
CCGTCC	11
CCGTCG	13
CCGTCT	15
CCGTGA	23
CCGTGC	7
CCGTGG	12
CCGTGT	8
CCGTTA	14
CCGTTC	24
CCGTTG	21
CCGTTT	33
CCTAAA	35
CCTAAC	20
CCTAAG	25
CCTAAT	37
CCTACA	19
CCTACC	23
CCTACG	20
CCTACT	22
CCTAGA	31
CCTAGC	16
CCTAGG	17
CCTAGT	23
CCTATA	39
CCTATC	32
CCTATG	36
CCTATT	91
CCTCAA	21
CCTCAC	14
CCTCAG	15
CCTCAT	19
CCTCCA	21
CCTCCC	23
CCTCCG	18
CCTCCT	36
CCTCGA	23
CCTCGC	16
CCTCGG	19
CCTCGT	11
CCTCTA	29
CCTCTC	28
CCTCTG	32
CCTCTT	58
CCTGAA	35
CCTGAC	19
CCTGAG	17
CCTGAT	19
CCTGCA	14
CCTGCC	13
CCTGCG	11
CCTGCT	20
CCTGGA	28
CCTGGC	17
CCTGGG	25
CCTGGT	15
CCTGTA	29
CCTGTC	12
CCTGTG	13
CCTGTT	37
CCTTAA	21
CCTTAC	24
CCTTAG	29
CCTTAT	47
CCTTCA	31
CCTTCC	49
CCTTCG	24
CCTTCT	60
CCTTGA	33
CCTTGC	20
CCTTGG	41
CCTTGT	36
CCTTTA	38
CCTTTC	68
CCTTTG	43
CCTTTT	132
CGAAAA	75
CGAAAC	25
CGAAAG	43
CGAAAT	84
CGAACA	34
CGAACC	48
CGAACG	14
CGAACT	31
CGAAGA	40
CGAAGC	17
CGAAGG	23
CGAAGT	35
CGAATA	63
CGAATC	69
CGAATG	34
CGAATT	57
CGACAA	10
CGACAC	9
CGACAG	11
CGACAT	17
CGACCA	8
CGACCC	30
CGACCG	10
CGACCT	12
CGACGA	24
CGACGC	7
CGACGG	14
CGACGT	10
CGACTA	8
CGACTC	20
CGACTG	8
CGACTT	23
CGAGAA	51
CGAGAC	17
CGAGAG	23
CGAGAT	38
CGAGCA	11
CGAGCC	28
CGAGCG	9
CGAGCT	21
CGAGGA	24
CGAGGC	7
CGAGGG	14
CGAGGT	15
CGAGTA	22
CGAGTC	16
CGAGTG	20
CGAGTT	16
CGATAA	29
CGATAC	28
CGATAG	16
CGATAT	33
CGATCA	27
CGATCC	34
CGATCG	23
CGATCT	42
CGATGA	29
CGATGC	9
CGATGG	27
CGATGT	17
CGATTA	35
CGATTC	63
CGATTG	30
CGATTT	52
CGCAAA	10
CGCAAC	8
CGCAAG	14
CGCAAT	22
CGCACA	6
CGCACC	10
CGCACG	7
CGCACT	13
CGCAGA	10
CGCAGC	9
CGCAGG	11
CGCAGT	9
CGCATA	13
CGCATC	9
CGCATG	8
CGCATT	22
CGCCAA	16
CGCCAC	8
CGCCAG	14
CGCCAT	14
CGCCCA	18
CGCCCC	22
CGCCCG	12
CGCCCT	15
CGCCGA	13
CGCCGC	6
CGCCGG	6
CGCCGT	12
CGCCTA	14
CGCCTC	10
CGCCTG	13
CGCCTT	17
CGCGAA	14
CGCGAC	3
CGCGAG	17
CGCGAT	10
CGCGCA	5
CGCGCC	6
CGCGCG	8
CGCGCT	7
CGCGGA	8
CGCGGC	11
CGCGGG	9
CGCGGT	12
CGCGTA	4
CGCGTC	2
CGCGTG	7
CGCGTT	11
CGCTAA	9
CGCTAC	14
CGCTAG	3
CGCTAT	20
CGCTCA	18
CGCTCC	14
CGCTCG	6
CGCTCT	20
CGCTGA	13
CGCTGC	9
CGCTGG	7
CGCTGT	7
CGCTTA	19
CGCTTC	15
CGCTTG	16
CGCTTT	30
CGGAAA	51
CGGAAC	29
CGGAAG	19
CGGAAT	40
CGGACA	13
CGGACC	23
CGGACG	10
CGGACT	12
CGGAGA	26
CGGAGC	17
CGGAGG	17
CGGAGT	21
CGGATA	38
CGGATC	36
CGGATG	23
CGGATT	44
CGGCAA	13
CGGCAC	6
CGGCAG	11
CGGCAT	12
CGGCCA	13
CGGCCC	16
CGGCCG	7
CGGCCT	10
CGGCGA	13
CGGCGC	6
CGGCGG	19
CGGCGT	1
CGGCTA	13
CGGCTC	22
CGGCTG	11
CGGCTT	24
CGGGAA	36
CGGGAC	19
CGGGAG	27
CGGGAT	31
CGGGCA	12
CGGGCC	14
CGGGCG	11
CGGGCT	8
CGGGGA	19
CGGGGC	12
CGGGGG	25
CGGGGT	15
CGGGTA	28
CGGGTC	26
CGGGTG	10
CGGGTT	23
CGGTAA	16
CGGTAC	13
CGGTAG	23
CGGTAT	31
CGGTCA	16
CGGTCC	13
CGGTCG	6
CGGTCT	14
CGGTGA	10
CGGTGC	11
CGGTGG	19
CGGTGT	11
CGGTTA	19
CGGTTC	31
CGGTTG	16
CGGTTT	26
CGTAAA	35
CGTAAC	12
CGTAAG	22
CGTAAT	30
CGTACA	17
CGTACC	9
CGTACG	5
CGTACT	16
CGTAGA	19
CGTAGC	14
CGTAGG	23
CGTAGT	22
CGTATA	20
CGTATC	21
CGTATG	22
CGTATT	47
CGTCAA	30
CGTCAC	14
CGTCAG	6
CGTCAT	10
CGTCCA	18
CGTCCC	14
CGTCCG	11
CGTCCT	10
CGTCGA	19
CGTCGC	6
CGTCGG	8
CGTCGT	14
CGTCTA	14
CGTCTC	16
CGTCTG	9
CGTCTT	23
CGTGAA	27
CGTGAC	9
CGTGAG	20
CGTGAT	11
CGTGCA	12
CGTGCC	7
CGTGCG	3
CGTGCT	14
CGTGGA	20
CGTGGC	5
CGTGGG	12
CGTGGT	11
CGTGTA	14
CGTGTC	15
CGTGTG	12
CGTGTT	16
CGTTAA	14
CGTTAC	19
CGTTAG	9
CGTTAT	24
CGTTCA	19
CGTTCC	23
CGTTCG	15
CGTTCT	29
CGTTGA	25
CGTTGC	12
CGTTGG	18
CGTTGT	24
CGTTTA	25
CGTTTC	24
CGTTTG	26
CGTTTT	49
CTAAAA	76
CTAAAC	25
CTAAAG	37
CTAAAT	54
CTAACA	19
CTAACC	18
CTAACG	14
CTAACT	21
CTAAGA	41
CTAAGC	23
CTAAGG	26
CTAAGT	26
CTAATA	60
CTAATC	33
CTAATG	36
CTAATT	64
CTACAA	36
CTACAC	11
CTACAG	35
CTACAT	32
CTACCA	33
CTACCC	33
CTACCG	19
CTACCT	22
CTACGA	28
CTACGC	11
CTACGG	20
CTACGT	12
CTACTA	38
CTACTC	19
CTACTG	26
CTACTT	42
CTAGAA	51
CTAGAC	8
CTAGAG	27
CTAGAT	42
CTAGCA	22
CTAGCC	21
CTAGCG	4
CTAGCT	18
CTAGGA	34
CTAGGC	16
CTAGGG	23
CTAGGT	20
CTAGTA	35
CTAGTC	14
CTAGTG	20
CTAGTT	33
CTATAA	57
CTATAC	34
CTATAG	34
CTATAT	74
CTATCA	43
CTATCC	46
CTATCG	23
CTATCT	59
CTATGA	65
CTATGC	17
CTATGG	41
CTATGT	42
CTATTA	72
CTATTC	80
CTATTG	64
CTATTT	148
CTCAAA	55
CTCAAC	19
CTCAAG	22
CTCAAT	58
CTCACA	17
CTCACC	10
CTCACG	13
CTCACT	14
CTCAGA	19
CTCAGC	20
CTCAGG	16
CTCAGT	24
CTCATA	39
CTCATC	25
CTCATG	32
CTCATT	60
CTCCAA	28
CTCCAC	23
CTCCAG	24
CTCCAT	33
CTCCCA	33
CTCCCC	29
CTCCCG	19
CTCCCT	20
CTCCGA	22
CTCCGC	11
CTCCGG	19
CTCCGT	22
CTCCTA	42
CTCCTC	32
CTCCTG	28
CTCCTT	42
CTCGAA	46
CTCGAC	20
CTCGAG	26
CTCGAT	44
CTCGCA	5
CTCGCC	15
CTCGCG	16
CTCGCT	16
CTCGGA	27
CTCGGC	9
CTCGGG	24
CTCGGT	18
CTCGTA	22
CTCGTC	8
CTCGTG	13
CTCGTT	33
CTCTAA	32
CTCTAC	33
CTCTAG	27
CTCTAT	65
CTCTCA	23
CTCTCC	31
CTCTCG	25
CTCTCT	38
CTCTGA	27
CTCTGC	23
CTCTGG	33
CTCTGT	24
CTCTTA	47
CTCTTC	63
CTCTTG	35
CTCTTT	91
CTGAAA	45
CTGAAC	26
CTGAAG	22
CTGAAT	51
CTGACA	20
CTGACC	20
CTGACG	10
CTGACT	20
CTGAGA	32
CTGAGC	23
CTGAGG	17
CTGAGT	11
CTGATA	32
CTGATC	25
CTGATG	24
CTGATT	39
CTGCAA	25
CTGCAC	13
CTGCAG	14
CTGCAT	24
CTGCCA	15
CTGCCC	18
CTGCCG	13
CTGCCT	15
CTGCGA	10
CTGCGC	9
CTGCGG	19
CTGCGT	9
CTGCTA	28
CTGCTC	19
CTGCTG	22
CTGCTT	37
CTGGAA	33
CTGGAC	21
CTGGAG	19
CTGGAT	42
CTGGCA	13
CTGGCC	12
CTGGCG	7
CTGGCT	12
CTGGGA	23
CTGGGC	18
CTGGGG	20
CTGGGT	26
CTGGTA	14
CTGGTC	18
CTGGTG	14
CTGGTT	37
CTGTAA	30
CTGTAC	19
CTGTAG	26
CTGTAT	30
CTGTCA	17
CTGTCC	22
CTGTCG	10
CTGTCT	28
CTGTGA	14
CTGTGC	13
CTGTGG	14
CTGTGT	14
CTGTTA	33
CTGTTC	43
CTGTTG	27
CTGTTT	30
CTTAAA	31
CTTAAC	34
CTTAAG	13
CTTAAT	46
CTTACA	24
CTTACC	25
CTTACG	25
CTTACT	39
CTTAGA	31
CTTAGC	21
CTTAGG	22
CTTAGT	28
CTTATA	57
CTTATC	49
CTTATG	32
CTTATT	106
CTTCAA	51
CTTCAC	27
CTTCAG	22
CTTCAT	68
CTTCCA	51
CTTCCC	43
CTTCCG	25
CTTCCT	46
CTTCGA	39
CTTCGC	16
CTTCGG	34
CTTCGT	27
CTTCTA	56
CTTCTC	52
CTTCTG	43
CTTCTT	121
CTTGAA	74
CTTGAC	31
CTTGAG	23
CTTGAT	49
CTTGCA	21
CTTGCC	13
CTTGCG	13
CTTGCT	34
CTTGGA	40
CTTGGC	21
CTTGGG	40
CTTGGT	51
CTTGTA	42
CTTGTC	17
CTTGTG	25
CTTGTT	73
CTTTAA	36
CTTTAC	32
CTTTAG	40
CTTTAT	83
CTTTCA	81
CTTTCC	52
CTTTCG	50
CTTTCT	107
CTTTGA	52
CTTTGC	22
CTTTGG	67
CTTTGT	52
CTTTTA	81
CTTTTC	117
CTTTTG	88
CTTTTT	229
GAAAAA	231
GAAAAC	57
GAAAAG	108
GAAAAT	124
GAAACA	61
GAAACC	34
GAAACG	28
GAAACT	64
GAAAGA	141
GAAAGC	35
GAAAGG	55
GAAAGT	45
GAAATA	167
GAAATC	81
GAAATG	100
GAAATT	116
GAACAA	79
GAACAC	21
GAACAG	41
GAACAT	38
GAACCA	56
GAACCC	55
GAACCG	33
GAACCT	36
GAACGA	32
GAACGC	16
GAACGG	18
GAACGT	23
GAACTA	39
GAACTC	40
GAACTG	37
GAACTT	60
GAAGAA	140
GAAGAC	37
GAAGAG	70
GAAGAT	67
GAAGCA	45
GAAGCC	18
GAAGCG	20
GAAGCT	39
GAAGGA	54
GAAGGC	24
GAAGGG	60
GAAGGT	28
GAAGTA	58
GAAGTC	29
GAAGTG	32
GAAGTT	48
GAATAA	112
GAATAC	46
GAATAG	97
GAATAT	98
GAATCA	110
GAATCC	94
GAATCG	71
GAATCT	80
GAATGA	77
GAATGC	18
GAATGG	61
GAATGT	39
GAATTA	88
GAATTC	106
GAATTG	107
GAATTT	124
GACAAA	52
GACAAC	16
GACAAG	19
GACAAT	36
GACACA	20
GACACC	6
GACACG	6
GACACT	10
GACAGA	32
GACAGC	14
GACAGG	14
GACAGT	18
GACATA	26
GACATC	23
GACATG	25
GACATT	27
GACCAA	45
GACCAC	13
GACCAG	10
GACCAT	27
GACCCA	30
GACCCC	23
GACCCG	26
GACCCT	23
GACCGA	20
GACCGC	11
GACCGG	12
GACCGT	13
GACCTA	21
GACCTC	22
GACCTG	20
GACCTT	37
GACGAA	39
GACGAC	7
GACGAG	12
GACGAT	21
GACGCA	13
GACGCC	7
GACGCG	7
GACGCT	13
GACGGA	24
GACGGC	6
GACGGG	21
GACGGT	9
GACGTA	18
GACGTC	6
GACGTG	11
GACGTT	11
GACTAA	18
GACTAC	18
GACTAG	14
GACTAT	27
GACTCA	23
GACTCC	23
GACTCG	22
GACTCT	26
GACTGA	20
GACTGC	14
GACTGG	13
GACTGT	12
GACTTA	30
GACTTC	17
GACTTG	30
GACTTT	35
GAGAAA	88
GAGAAC	28
GAGAAG	57
GAGAAT	72
GAGACA	37
GAGACC	15
GAGACG	11
GAGACT	27
GAGAGA	58
GAGAGC	17
GAGAGG	32
GAGAGT	23
GAGATA	63
GAGATC	48
GAGATG	50
GAGATT	64
GAGCAA	41
GAGCAC	16
GAGCAG	20
GAGCAT	21
GAGCCA	31
GAGCCC	18
GAGCCG	29
GAGCCT	22
GAGCGA	13
GAGCGC	13
GAGCGG	16
GAGCGT	16
GAGCTA	40
GAGCTC	27
GAGCTG	15
GAGCTT	25
GAGGAA	65
GAGGAC	12
GAGGAG	32
GAGGAT	55
GAGGCA	20
GAGGCC	14
GAGGCG	12
GAGGCT	17
GAGGGA	33
GAGGGC	15
GAGGGG	34
GAGGGT	24
GAGGTA	24
GAGGTC	18
GAGGTG	18
GAGGTT	31
GAGTAA	41
GAGTAC	18
GAGTAG	24
GAGTAT	40
GAGTCA	29
GAGTCC	21
GAGTCG	25
GAGTCT	22
GAGTGA	26
GAGTGC	12
GAGTGG	25
GAGTGT	14
GAGTTA	35
GAGTTC	37
GAGTTG	42
GAGTTT	43
GATAAA	102
GATAAC	36
GATAAG	43
GATAAT	62
GATACA	65
GATACC	31
GATACG	25
GATACT	44
GATAGA	68
GATAGC	22
GATAGG	25
GATAGT	26
GATATA	72
GATATC	48
GATATG	53
GATATT	100
GATCAA	85
GATCAC	24
GATCAG	31
GATCAT	53
GATCCA	70
GATCCC	42
GATCCG	38
GATCCT	58
GATCGA	55
GATCGC	13
GATCGG	26
GATCGT	27
GATCTA	72
GATCTC	47
GATCTG	28
GATCTT	76
GATGAA	84
GATGAC	21
GATGAG	41
GATGAT	63
GATGCA	31
GATGCC	19
GATGCG	9
GATGCT	33
GATGGA	59
GATGGC	23
GATGGG	28
GATGGT	38
GATGTA	43
GATGTC	20
GATGTG	25
GATGTT	27
GATTAA	56
GATTAC	34
GATTAG	49
GATTAT	63
GATTCA	112
GATTCC	62
GATTCG	56
GATTCT	74
GATTGA	81
GATTGC	22
GATTGG	68
GATTGT	35
GATTTA	78
GATTTC	88
GATTTG	68
GATTTT	125
GCAAAA	45
GCAAAC	15
GCAAAG	24
GCAAAT	36
GCAACA	21
GCAACC	7
GCAACG	10
GCAACT	18
GCAAGA	34
GCAAGC	10
GCAAGG	20
GCAAGT	20
GCAATA	38
GCAATC	27
GCAATG	31
GCAATT	48
GCACAA	25
GCACAC	6
GCACAG	9
GCACAT	10
GCACCA	13
GCACCC	17
GCACCG	9
GCACCT	17
GCACGA	13
GCACGC	5
GCACGG	7
GCACGT	13
GCACTA	12
GCACTC	14
GCACTG	14
GCACTT	22
GCAGAA	32
GCAGAC	9
GCAGAG	18
GCAGAT	24
GCAGCA	23
GCAGCC	7
GCAGCG	7
GCAGCT	21
GCAGGA	21
GCAGGC	12
GCAGGG	17
GCAGGT	15
GCAGTA	21
GCAGTC	14
GCAGTG	16
GCAGTT	26
GCATAA	26
GCATAC	20
GCATAG	19
GCATAT	33
GCATCA	15
GCATCC	17
GCATCG	11
GCATCT	29
GCATGA	26
GCATGC	14
GCATGG	23
GCATGT	19
GCATTA	35
GCATTC	25
GCATTG	31
GCATTT	57
GCCAAA	36
GCCAAC	14
GCCAAG	21
GCCAAT	31
GCCACA	15
GCCACC	10
GCCACG	2
GCCACT	18
GCCAGA	20
GCCAGC	7
GCCAGG	13
GCCAGT	8
GCCATA	29
GCCATC	21
GCCATG	21
GCCATT	23
GCCCAA	39
GCCCAC	11
GCCCAG	11
GCCCAT	30
GCCCCA	27
GCCCCC	19
GCCCCG	14
GCCCCT	25
GCCCGA	13
GCCCGC	5
GCCCGG	17
GCCCGT	17
GCCCTA	15
GCCCTC	11
GCCCTG	20
GCCCTT	30
GCCGAA	33
GCCGAC	14
GCCGAG	14
GCCGAT	15
GCCGCA	13
GCCGCC	8
GCCGCG	7
GCCGCT	8
GCCGGA	19
GCCGGC	4
GCCGGG	9
GCCGGT	12
GCCGTA	21
GCCGTC	5
GCCGTG	9
GCCGTT	15
GCCTAA	22
GCCTAC	11
GCCTAG	16
GCCTAT	31
GCCTCA	13
GCCTCC	16
GCCTCG	5
GCCTCT	26
GCCTGA	14
GCCTGC	10
GCCTGG	12
GCCTGT	18
GCCTTA	19
GCCTTC	22
GCCTTG	26
GCCTTT	48
GCGAAA	29
GCGAAC	14
GCGAAG	17
GCGAAT	29
GCGACA	7
GCGACC	5
GCGACG	7
GCGACT	8
GCGAGA	26
GCGAGC	11
GCGAGG	9
GCGAGT	10
GCGATA	13
GCGATC	14
GCGATG	11
GCGATT	19
GCGCAA	13
GCGCAC	4
GCGCAG	10
GCGCAT	7
GCGCCA	8
GCGCCC	9
GCGCCG	5
GCGCCT	12
GCGCGA	9
GCGCGC	5
GCGCGG	5
GCGCGT	6
GCGCTA	5
GCGCTC	12
GCGCTG	5
GCGCTT	12
GCGGAA	27
GCGGAC	10
GCGGAG	15
GCGGAT	23
GCGGCA	7
GCGGCC	9
GCGGCG	5
GCGGCT	17
GCGGGA	19
GCGGGC	6
GCGGGG	6
GCGGGT	24
GCGGTA	22
GCGGTC	9
GCGGTG	13
GCGGTT	17
GCGTAA	13
GCGTAC	4
GCGTAG	10
GCGTAT	21
GCGTCA	6
GCGTCC	6
GCGTCG	5
GCGTCT	12
GCGTGA	10
GCGTGC	6
GCGTGG	8
GCGTGT	10
GCGTTA	15
GCGTTC	16
GCGTTG	13
GCGTTT	14
GCTAAA	36
GCTAAC	12
GCTAAG	23
GCTAAT	34
GCTACA	33
GCTACC	18
GCTACG	15
GCTACT	33
GCTAGA	17
GCTAGC	5
GCTAGG	17
GCTAGT	17
GCTATA	27
GCTATC	25
GCTATG	16
GCTATT	57
GCTCAA	26
GCTCAC	9
GCTCAG	19
GCTCAT	26
GCTCCA	22
GCTCCC	21
GCTCCG	11
GCTCCT	31
GCTCGA	34
GCTCGC	8
GCTCGG	14
GCTCGT	21
GCTCTA	39
GCTCTC	17
GCTCTG	17
GCTCTT	37
GCTGAA	23
GCTGAC	11
GCTGAG	21
GCTGAT	19
GCTGCA	16
GCTGCC	9
GCTGCG	12
GCTGCT	32
GCTGGA	21
GCTGGC	5
GCTGGG	15
GCTGGT	14
GCTGTA	15
GCTGTC	15
GCTGTG	13
GCTGTT	21
GCTTAA	16
GCTTAC	18
GCTTAG	21
GCTTAT	46
GCTTCA	34
GCTTCC	24
GCTTCG	16
GCTTCT	42
GCTTGA	24
GCTTGC	11
GCTTGG	25
GCTTGT	26
GCTTTA	30
GCTTTC	38
GCTTTG	30
GCTTTT	73
GGAAAA	117
GGAAAC	35
GGAAAG	60
GGAAAT	84
GGAACA	54
GGAACC	29
GGAACG	25
GGAACT	40
GGAAGA	76
GGAAGC	22
GGAAGG	48
GGAAGT	32
GGAATA	83
GGAATC	74
GGAATG	44
GGAATT	104
GGACAA	28
GGACAC	7
GGACAG	21
GGACAT	19
GGACCA	32
GGACCC	15
GGACCG	18
GGACCT	33
GGACGA	12
GGACGC	8
GGACGG	14
GGACGT	14
GGACTA	14
GGACTC	23
GGACTG	12
GGACTT	25
GGAGAA	54
GGAGAC	13
GGAGAG	37
GGAGAT	45
GGAGCA	28
GGAGCC	27
GGAGCG	15
GGAGCT	28
GGAGGA	37
GGAGGC	16
GGAGGG	31
GGAGGT	26
GGAGTA	32
GGAGTC	24
GGAGTG	13
GGAGTT	43
GGATAA	57
GGATAC	38
GGATAG	40
GGATAT	57
GGATCA	57
GGATCC	51
GGATCG	30
GGATCT	62
GGATGA	55
GGATGC	27
GGATGG	36
GGATGT	28
GGATTA	57
GGATTC	82
GGATTG	60
GGATTT	107
GGCAAA	28
GGCAAC	8
GGCAAG	15
GGCAAT	27
GGCACA	13
GGCACC	13
GGCACG	8
GGCACT	10
GGCAGA	19
GGCAGC	8
GGCAGG	17
GGCAGT	16
GGCATA	25
GGCATC	15
GGCATG	22
GGCATT	38
GGCCAA	28
GGCCAC	7
GGCCAG	10
GGCCAT	22
GGCCCA	25
GGCCCC	13
GGCCCG	16
GGCCCT	20
GGCCGA	17
GGCCGC	3
GGCCGG	12
GGCCGT	10
GGCCTA	25
GGCCTC	13
GGCCTG	13
GGCCTT	37
GGCGAA	27
GGCGAC	10
GGCGAG	13
GGCGAT	21
GGCGCA	10
GGCGCC	9
GGCGCG	10
GGCGCT	11
GGCGGA	23
GGCGGC	10
GGCGGG	9
GGCGGT	17
GGCGTA	20
GGCGTC	9
GGCGTG	7
GGCGTT	8
GGCTAA	25
GGCTAC	17
GGCTAG	13
GGCTAT	24
GGCTCA	20
GGCTCC	17
GGCTCG	27
GGCTCT	22
GGCTGA	24
GGCTGC	11
GGCTGG	19
GGCTGT	20
GGCTTA	23
GGCTTC	13
GGCTTG	15
GGCTTT	47
GGGAAA	62
GGGAAC	21
GGGAAG	41
GGGAAT	50
GGGACA	19
GGGACC	25
GGGACG	9
GGGACT	19
GGGAGA	32
GGGAGC	30
GGGAGG	31
GGGAGT	28
GGGATA	36
GGGATC	45
GGGATG	37
GGGATT	58
GGGCAA	17
GGGCAC	11
GGGCAG	21
GGGCAT	21
GGGCCA	20
GGGCCC	15
GGGCCG	17
GGGCCT	28
GGGCGA	18
GGGCGC	10
GGGCGG	15
GGGCGT	17
GGGCTA	21
GGGCTC	25
GGGCTG	21
GGGCTT	29
GGGGAA	50
GGGGAC	17
GGGGAG	32
GGGGAT	44
GGGGCA	18
GGGGCC	17
GGGGCG	13
GGGGCT	28
GGGGGA	46
GGGGGC	17
GGGGGG	36
GGGGGT	27
GGGGTA	27
GGGGTC	24
GGGGTG	19
GGGGTT	52
GGGTAA	30
GGGTAC	17
GGGTAG	29
GGGTAT	40
GGGTCA	21
GGGTCC	21
GGGTCG	26
GGGTCT	28
GGGTGA	20
GGGTGC	16
GGGTGG	18
GGGTGT	18
GGGTTA	41
GGGTTC	35
GGGTTG	34
GGGTTT	53
GGTAAA	59
GGTAAC	12
GGTAAG	21
GGTAAT	37
GGTACA	23
GGTACC	15
GGTACG	10
GGTACT	30
GGTAGA	47
GGTAGC	19
GGTAGG	22
GGTAGT	26
GGTATA	42
GGTATC	34
GGTATG	33
GGTATT	72
GGTCAA	29
GGTCAC	10
GGTCAG	20
GGTCAT	30
GGTCCA	25
GGTCCC	13
GGTCCG	20
GGTCCT	29
GGTCGA	19
GGTCGC	4
GGTCGG	19
GGTCGT	16
GGTCTA	26
GGTCTC	15
GGTCTG	22
GGTCTT	40
GGTGAA	29
GGTGAC	11
GGTGAG	12
GGTGAT	21
GGTGCA	14
GGTGCC	9
GGTGCG	5
GGTGCT	30
GGTGGA	30
GGTGGC	9
GGTGGG	19
GGTGGT	17
GGTGTA	19
GGTGTC	16
GGTGTG	21
GGTGTT	20
GGTTAA	46
GGTTAC	22
GGTTAG	21
GGTTAT	51
GGTTCA	57
GGTTCC	38
GGTTCG	36
GGTTCT	46
GGTTGA	35
GGTTGC	18
GGTTGG	30
GGTTGT	22
GGTTTA	47
GGTTTC	33
GGTTTG	33
GGTTTT	62
GTAAAA	85
GTAAAC	28
GTAAAG	54
GTAAAT	60
GTAACA	25
GTAACC	14
GTAACG	15
GTAACT	31
GTAAGA	44
GTAAGC	19
GTAAGG	24
GTAAGT	17
GTAATA	61
GTAATC	32
GTAATG	38
GTAATT	49
GTACAA	33
GTACAC	10
GTACAG	21
GTACAT	35
GTACCA	28
GTACCC	15
GTACCG	17
GTACCT	23
GTACGA	15
GTACGC	1
GTACGG	16
GTACGT	9
GTACTA	24
GTACTC	21
GTACTG	16
GTACTT	34
GTAGAA	49
GTAGAC	17
GTAGAG	35
GTAGAT	38
GTAGCA	36
GTAGCC	14
GTAGCG	12
GTAGCT	30
GTAGGA	35
GTAGGC	17
GTAGGG	21
GTAGGT	27
GTAGTA	33
GTAGTC	18
GTAGTG	21
GTAGTT	28
GTATAA	39
GTATAC	31
GTATAG	36
GTATAT	51
GTATCA	43
GTATCC	34
GTATCG	30
GTATCT	46
GTATGA	42
GTATGC	16
GTATGG	47
GTATGT	31
GTATTA	49
GTATTC	49
GTATTG	49
GTATTT	119
GTCAAA	42
GTCAAC	23
GTCAAG	35
GTCAAT	48
GTCACA	12
GTCACC	14
GTCACG	8
GTCACT	20
GTCAGA	25
GTCAGC	10
GTCAGG	14
GTCAGT	15
GTCATA	29
GTCATC	15
GTCATG	19
GTCATT	45
GTCCAA	30
GTCCAC	16
GTCCAG	17
GTCCAT	27
GTCCCA	22
GTCCCC	15
GTCCCG	11
GTCCCT	14
GTCCGA	23
GTCCGC	16
GTCCGG	13
GTCCGT	11
GTCCTA	23
GTCCTC	14
GTCCTG	13
GTCCTT	26
GTCGAA	32
GTCGAC	9
GTCGAG	19
GTCGAT	26
GTCGCA	10
GTCGCC	10
GTCGCG	3
GTCGCT	10
GTCGGA	21
GTCGGC	13
GTCGGG	16
GTCGGT	18
GTCGTA	20
GTCGTC	8
GTCGTG	9
GTCGTT	20
GTCTAA	23
GTCTAC	21
GTCTAG	18
GTCTAT	38
GTCTCA	27
GTCTCC	13
GTCTCG	15
GTCTCT	32
GTCTGA	20
GTCTGC	7
GTCTGG	12
GTCTGT	21
GTCTTA	26
GTCTTC	28
GTCTTG	22
GTCTTT	55
GTGAAA	56
GTGAAC	26
GTGAAG	31
GTGAAT	42
GTGACA	11
GTGACC	18
GTGACG	9
GTGACT	13
GTGAGA	26
GTGAGC	13
GTGAGG	18
GTGAGT	19
GTGATA	35
GTGATC	22
GTGATG	23
GTGATT	42
GTGCAA	12
GTGCAC	4
GTGCAG	17
GTGCAT	22
GTGCCA	6
GTGCCC	9
GTGCCG	6
GTGCCT	18
GTGCGA	10
GTGCGC	1
GTGCGG	7
GTGCGT	9
GTGCTA	26
GTGCTC	17
GTGCTG	14
GTGCTT	37
GTGGAA	48
GTGGAC	15
GTGGAG	20
GTGGAT	44
GTGGCA	11
GTGGCC	8
GTGGCG	8
GTGGCT	20
GTGGGA	17
GTGGGC	18
GTGGGG	20
GTGGGT	17
GTGGTA	27
GTGGTC	16
GTGGTG	16
GTGGTT	25
GTGTAA	15
GTGTAC	15
GTGTAG	14
GTGTAT	33
GTGTCA	22
GTGTCC	10
GTGTCG	14
GTGTCT	15
GTGTGA	30
GTGTGC	9
GTGTGG	21
GTGTGT	13
GTGTTA	13
GTGTTC	20
GTGTTG	17
GTGTTT	30
GTTAAA	40
GTTAAC	18
GTTAAG	29
GTTAAT	41
GTTACA	29
GTTACC	14
GTTACG	21
GTTACT	36
GTTAGA	24
GTTAGC	23
GTTAGG	17
GTTAGT	17
GTTATA	48
GTTATC	38
GTTATG	31
GTTATT	81
GTTCAA	65
GTTCAC	17
GTTCAG	25
GTTCAT	53
GTTCCA	39
GTTCCC	18
GTTCCG	28
GTTCCT	62
GTTCGA	51
GTTCGC	11
GTTCGG	17
GTTCGT	31
GTTCTA	63
GTTCTC	30
GTTCTG	25
GTTCTT	79
GTTGAA	68
GTTGAC	27
GTTGAG	29
GTTGAT	46
GTTGCA	13
GTTGCC	8
GTTGCG	13
GTTGCT	29
GTTGGA	45
GTTGGC	11
GTTGGG	27
GTTGGT	39
GTTGTA	35
GTTGTC	15
GTTGTG	25
GTTGTT	45
GTTTAA	27
GTTTAC	25
GTTTAG	35
GTTTAT	58
GTTTCA	57
GTTTCC	36
GTTTCG	27
GTTTCT	55
GTTTGA	50
GTTTGC	16
GTTTGG	36
GTTTGT	34
GTTTTA	51
GTTTTC	59
GTTTTG	40
GTTTTT	110
TAAAAA	218
TAAAAC	61
TAAAAG	77
TAAAAT	120
TAAACA	32
TAAACC	34
TAAACG	28
TAAACT	39
TAAAGA	108
TAAAGC	31
TAAAGG	34
TAAAGT	45
TAAATA	125
TAAATC	66
TAAATG	58
TAAATT	106
TAACAA	55
TAACAC	6
TAACAG	32
TAACAT	44
TAACCA	45
TAACCC	28
TAACCG	16
TAACCT	24
TAACGA	28
TAACGC	18
TAACGG	16
TAACGT	17
TAACTA	61
TAACTC	37
TAACTG	26
TAACTT	40
TAAGAA	121
TAAGAC	27
TAAGAG	34
TAAGAT	56
TAAGCA	25
TAAGCC	18
TAAGCG	13
TAAGCT	17
TAAGGA	37
TAAGGC	21
TAAGGG	32
TAAGGT	23
TAAGTA	39
TAAGTC	24
TAAGTG	27
TAAGTT	40
TAATAA	128
TAATAC	39
TAATAG	85
TAATAT	81
TAATCA	55
TAATCC	54
TAATCG	36
TAATCT	52
TAATGA	85
TAATGC	28
TAATGG	45
TAATGT	24
TAATTA	71
TAATTC	71
TAATTG	88
TAATTT	100
TACAAA	81
TACAAC	28
TACAAG	43
TACAAT	68
TACACA	28
TACACC	18
TACACG	11
TACACT	15
TACAGA	42
TACAGC	14
TACAGG	26
TACAGT	27
TACATA	65
TACATC	44
TACATG	38
TACATT	54
TACCAA	61
TACCAC	24
TACCAG	27
TACCAT	38
TACCCA	37
TACCCC	32
TACCCG	19
TACCCT	19
TACCGA	26
TACCGC	18
TACCGG	18
TACCGT	25
TACCTA	37
TACCTC	27
TACCTG	21
TACCTT	40
TACGAA	51
TACGAC	18
TACGAG	21
TACGAT	34
TACGCA	7
TACGCC	22
TACGCG	6
TACGCT	9
TACGGA	23
TACGGC	24
TACGGG	19
TACGGT	24
TACGTA	25
TACGTC	26
TACGTG	13
TACGTT	17
TACTAA	51
TACTAC	25
TACTAG	32
TACTAT	56
TACTCA	30
TACTCC	32
TACTCG	22
TACTCT	37
TACTGA	29
TACTGC	24
TACTGG	12
TACTGT	23
TACTTA	45
TACTTC	70
TACTTG	43
TACTTT	63
TAGAAA	137
TAGAAC	52
TAGAAG	55
TAGAAT	104
TAGACA	33
TAGACC	20
TAGACG	20
TAGACT	12
TAGAGA	62
TAGAGC	32
TAGAGG	34
TAGAGT	39
TAGATA	79
TAGATC	57
TAGATG	45
TAGATT	70
TAGCAA	41
TAGCAC	22
TAGCAG	31
TAGCAT	42
TAGCCA	26
TAGCCC	29
TAGCCG	25
TAGCCT	20
TAGCGA	17
TAGCGC	2
TAGCGG	20
TAGCGT	4
TAGCTA	39
TAGCTC	38
TAGCTG	16
TAGCTT	30
TAGGAA	72
TAGGAC	23
TAGGAG	33
TAGGAT	54
TAGGCA	25
TAGGCC	21
TAGGCG	14
TAGGCT	14
TAGGGA	36
TAGGGC	18
TAGGGG	27
TAGGGT	24
TAGGTA	50
TAGGTC	19
TAGGTG	21
TAGGTT	41
TAGTAA	66
TAGTAC	22
TAGTAG	34
TAGTAT	63
TAGTCA	22
TAGTCC	18
TAGTCG	16
TAGTCT	33
TAGTGA	47
TAGTGC	17
TAGTGG	24
TAGTGT	23
TAGTTA	57
TAGTTC	40
TAGTTG	47
TAGTTT	55
TATAAA	116
TATAAC	40
TATAAG	46
TATAAT	102
TATACA	66
TATACC	37
TATACG	23
TATACT	39
TATAGA	79
TATAGC	31
TATAGG	46
TATAGT	55
TATATA	119
TATATC	65
TATATG	82
TATATT	109
TATCAA	95
TATCAC	38
TATCAG	29
TATCAT	86
TATCCA	75
TATCCC	38
TATCCG	33
TATCCT	56
TATCGA	54
TATCGC	16
TATCGG	26
TATCGT	29
TATCTA	91
TATCTC	67
TATCTG	43
TATCTT	86
TATGAA	117
TATGAC	22
TATGAG	48
TATGAT	79
TATGCA	29
TATGCC	23
TATGCG	18
TATGCT	30
TATGGA	97
TATGGC	28
TATGGG	46
TATGGT	40
TATGTA	66
TATGTC	30
TATGTG	31
TATGTT	48
TATTAA	81
TATTAC	57
TATTAG	79
TATTAT	119
TATTCA	126
TATTCC	80
TATTCG	58
TATTCT	94
TATTGA	106
TATTGC	41
TATTGG	91
TATTGT	62
TATTTA	136
TATTTC	147
TATTTG	117
TATTTT	258
TCAAAA	142
TCAAAC	55
TCAAAG	61
TCAAAT	137
TCAACA	54
TCAACC	31
TCAACG	28
TCAACT	40
TCAAGA	68
TCAAGC	22
TCAAGG	31
TCAAGT	52
TCAATA	114
TCAATC	66
TCAATG	66
TCAATT	140
TCACAA	39
TCACAC	21
TCACAG	15
TCACAT	40
TCACCA	24
TCACCC	18
TCACCG	17
TCACCT	17
TCACGA	25
TCACGC	8
TCACGG	18
TCACGT	19
TCACTA	43
TCACTC	18
TCACTG	27
TCACTT	35
TCAGAA	70
TCAGAC	15
TCAGAG	29
TCAGAT	46
TCAGCA	18
TCAGCC	22
TCAGCG	11
TCAGCT	10
TCAGGA	30
TCAGGC	13
TCAGGG	19
TCAGGT	18
TCAGTA	26
TCAGTC	18
TCAGTG	22
TCAGTT	40
TCATAA	85
TCATAC	41
TCATAG	52
TCATAT	97
TCATCA	47
TCATCC	35
TCATCG	31
TCATCT	42
TCATGA	53
TCATGC	24
TCATGG	45
TCATGT	40
TCATTA	92
TCATTC	75
TCATTG	55
TCATTT	129
TCCAAA	73
TCCAAC	45
TCCAAG	45
TCCAAT	92
TCCACA	35
TCCACC	24
TCCACG	18
TCCACT	43
TCCAGA	40
TCCAGC	17
TCCAGG	29
TCCAGT	42
TCCATA	63
TCCATC	38
TCCATG	52
TCCATT	110
TCCCAA	53
TCCCAC	20
TCCCAG	12
TCCCAT	52
TCCCCA	37
TCCCCC	36
TCCCCG	19
TCCCCT	28
TCCCGA	37
TCCCGC	11
TCCCGG	27
TCCCGT	22
TCCCTA	31
TCCCTC	40
TCCCTG	18
TCCCTT	45
TCCGAA	42
TCCGAC	21
TCCGAG	22
TCCGAT	41
TCCGCA	19
TCCGCC	29
TCCGCG	8
TCCGCT	22
TCCGGA	28
TCCGGC	17
TCCGGG	28
TCCGGT	31
TCCGTA	21
TCCGTC	19
TCCGTG	18
TCCGTT	39
TCCTAA	37
TCCTAC	39
TCCTAG	36
TCCTAT	87
TCCTCA	24
TCCTCC	38
TCCTCG	25
TCCTCT	54
TCCTGA	37
TCCTGC	19
TCCTGG	34
TCCTGT	28
TCCTTA	41
TCCTTC	58
TCCTTG	51
TCCTTT	119
TCGAAA	78
TCGAAC	72
TCGAAG	41
TCGAAT	78
TCGACA	15
TCGACC	19
TCGACG	20
TCGACT	23
TCGAGA	52
TCGAGC	23
TCGAGG	19
TCGAGT	34
TCGATA	48
TCGATC	54
TCGATG	35
TCGATT	84
TCGCAA	14
TCGCAC	12
TCGCAG	8
TCGCAT	14
TCGCCA	21
TCGCCC	18
TCGCCG	11
TCGCCT	11
TCGCGA	15
TCGCGC	8
TCGCGG	16
TCGCGT	6
TCGCTA	17
TCGCTC	23
TCGCTG	7
TCGCTT	30
TCGGAA	48
TCGGAC	20
TCGGAG	22
TCGGAT	58
TCGGCA	18
TCGGCC	15
TCGGCG	11
TCGGCT	18
TCGGGA	48
TCGGGC	12
TCGGGG	30
TCGGGT	29
TCGGTA	16
TCGGTC	21
TCGGTG	11
TCGGTT	32
TCGTAA	36
TCGTAC	13
TCGTAG	32
TCGTAT	39
TCGTCA	19
TCGTCC	19
TCGTCG	18
TCGTCT	14
TCGTGA	18
TCGTGC	12
TCGTGG	19
TCGTGT	27
TCGTTA	32
TCGTTC	26
TCGTTG	32
TCGTTT	52
TCTAAA	62
TCTAAC	28
TCTAAG	34
TCTAAT	73
TCTACA	37
TCTACC	48
TCTACG	21
TCTACT	43
TCTAGA	38
TCTAGC	25
TCTAGG	37
TCTAGT	43
TCTATA	81
TCTATC	82
TCTATG	75
TCTATT	146
TCTCAA	56
TCTCAC	19
TCTCAG	29
TCTCAT	74
TCTCCA	30
TCTCCC	32
TCTCCG	27
TCTCCT	36
TCTCGA	48
TCTCGC	18
TCTCGG	27
TCTCGT	25
TCTCTA	51
TCTCTC	52
TCTCTG	33
TCTCTT	96
TCTGAA	46
TCTGAC	28
TCTGAG	25
TCTGAT	44
TCTGCA	23
TCTGCC	23
TCTGCG	12
TCTGCT	24
TCTGGA	34
TCTGGC	16
TCTGGG	34
TCTGGT	39
TCTGTA	42
TCTGTC	30
TCTGTG	18
TCTGTT	48
TCTTAA	56
TCTTAC	44
TCTTAG	33
TCTTAT	90
TCTTCA	60
TCTTCC	59
TCTTCG	45
TCTTCT	106
TCTTGA	69
TCTTGC	37
TCTTGG	48
TCTTGT	57
TCTTTA	77
TCTTTC	140
TCTTTG	89
TCTTTT	222
TGAAAA	131
TGAAAC	63
TGAAAG	82
TGAAAT	121
TGAACA	43
TGAACC	54
TGAACG	22
TGAACT	43
TGAAGA	74
TGAAGC	34
TGAAGG	27
TGAAGT	45
TGAATA	100
TGAATC	111
TGAATG	60
TGAATT	121
TGACAA	32
TGACAC	17
TGACAG	18
TGACAT	26
TGACCA	29
TGACCC	34
TGACCG	16
TGACCT	31
TGACGA	18
TGACGC	9
TGACGG	15
TGACGT	14
TGACTA	33
TGACTC	32
TGACTG	26
TGACTT	31
TGAGAA	59
TGAGAC	29
TGAGAG	24
TGAGAT	57
TGAGCA	32
TGAGCC	25
TGAGCG	11
TGAGCT	33
TGAGGA	36
TGAGGC	16
TGAGGG	20
TGAGGT	19
TGAGTA	33
TGAGTC	30
TGAGTG	28
TGAGTT	48
TGATAA	81
TGATAC	42
TGATAG	41
TGATAT	80
TGATCA	63
TGATCC	62
TGATCG	33
TGATCT	39
TGATGA	69
TGATGC	23
TGATGG	35
TGATGT	24
TGATTA	60
TGATTC	87
TGATTG	71
TGATTT	108
TGCAAA	39
TGCAAC	19
TGCAAG	25
TGCAAT	30
TGCACA	14
TGCACC	11
TGCACG	10
TGCACT	19
TGCAGA	22
TGCAGC	17
TGCAGG	16
TGCAGT	24
TGCATA	38
TGCATC	24
TGCATG	26
TGCATT	44
TGCCAA	21
TGCCAC	14
TGCCAG	9
TGCCAT	25
TGCCCA	23
TGCCCC	22
TGCCCG	13
TGCCCT	18
TGCCGA	18
TGCCGC	12
TGCCGG	9
TGCCGT	6
TGCCTA	22
TGCCTC	19
TGCCTG	15
TGCCTT	32
TGCGAA	25
TGCGAC	3
TGCGAG	14
TGCGAT	12
TGCGCA	9
TGCGCC	9
TGCGCG	4
TGCGCT	10
TGCGGA	21
TGCGGC	4
TGCGGG	18
TGCGGT	15
TGCGTA	12
TGCGTC	9
TGCGTG	9
TGCGTT	22
TGCTAA	33
TGCTAC	36
TGCTAG	21
TGCTAT	37
TGCTCA	16
TGCTCC	29
TGCTCG	23
TGCTCT	30
TGCTGA	26
TGCTGC	29
TGCTGG	13
TGCTGT	20
TGCTTA	38
TGCTTC	54
TGCTTG	32
TGCTTT	61
TGGAAA	98
TGGAAC	52
TGGAAG	63
TGGAAT	117
TGGACA	31
TGGACC	28
TGGACG	18
TGGACT	25
TGGAGA	47
TGGAGC	20
TGGAGG	25
TGGAGT	33
TGGATA	78
TGGATC	63
TGGATG	51
TGGATT	101
TGGCAA	23
TGGCAC	17
TGGCAG	16
TGGCAT	30
TGGCCA	17
TGGCCC	17
TGGCCG	12
TGGCCT	24
TGGCGA	22
TGGCGC	9
TGGCGG	10
TGGCGT	8
TGGCTA	31
TGGCTC	25
TGGCTG	27
TGGCTT	26
TGGGAA	39
TGGGAC	20
TGGGAG	37
TGGGAT	52
TGGGCA	17
TGGGCC	31
TGGGCG	23
TGGGCT	30
TGGGGA	48
TGGGGC	22
TGGGGG	28
TGGGGT	42
TGGGTA	30
TGGGTC	21
TGGGTG	27
TGGGTT	50
TGGTAA	48
TGGTAC	22
TGGTAG	37
TGGTAT	56
TGGTCA	36
TGGTCC	35
TGGTCG	17
TGGTCT	35
TGGTGA	23
TGGTGC	16
TGGTGG	23
TGGTGT	29
TGGTTA	54
TGGTTC	63
TGGTTG	32
TGGTTT	57
TGTAAA	63
TGTAAC	34
TGTAAG	23
TGTAAT	46
TGTACA	35
TGTACC	31
TGTACG	11
TGTACT	27
TGTAGA	32
TGTAGC	25
TGTAGG	31
TGTAGT	19
TGTATA	48
TGTATC	57
TGTATG	48
TGTATT	79
TGTCAA	42
TGTCAC	12
TGTCAG	16
TGTCAT	37
TGTCCA	28
TGTCCC	16
TGTCCG	16
TGTCCT	17
TGTCGA	17
TGTCGC	6
TGTCGG	19
TGTCGT	13
TGTCTA	42
TGTCTC	34
TGTCTG	15
TGTCTT	31
TGTGAA	52
TGTGAC	14
TGTGAG	21
TGTGAT	40
TGTGCA	15
TGTGCC	12
TGTGCG	11
TGTGCT	22
TGTGGA	31
TGTGGC	18
TGTGGG	20
TGTGGT	28
TGTGTA	30
TGTGTC	19
TGTGTG	24
TGTGTT	22
TGTTAA	36
TGTTAC	26
TGTTAG	24
TGTTAT	56
TGTTCA	42
TGTTCC	53
TGTTCG	31
TGTTCT	64
TGTTGA	50
TGTTGC	17
TGTTGG	35
TGTTGT	35
TGTTTA	42
TGTTTC	64
TGTTTG	40
TGTTTT	70
TTAAAA	88
TTAAAC	33
TTAAAG	40
TTAAAT	69
TTAACA	41
TTAACC	41
TTAACG	25
TTAACT	40
TTAAGA	54
TTAAGC	7
TTAAGG	18
TTAAGT	34
TTAATA	85
TTAATC	62
TTAATG	40
TTAATT	97
TTACAA	61
TTACAC	18
TTACAG	26
TTACAT	56
TTACCA	50
TTACCC	25
TTACCG	14
TTACCT	35
TTACGA	37
TTACGC	16
TTACGG	26
TTACGT	36
TTACTA	56
TTACTC	48
TTACTG	23
TTACTT	81
TTAGAA	99
TTAGAC	27
TTAGAG	41
TTAGAT	59
TTAGCA	37
TTAGCC	35
TTAGCG	15
TTAGCT	34
TTAGGA	35
TTAGGC	17
TTAGGG	26
TTAGGT	41
TTAGTA	51
TTAGTC	27
TTAGTG	31
TTAGTT	79
TTATAA	94
TTATAC	49
TTATAG	60
TTATAT	113
TTATCA	93
TTATCC	66
TTATCG	37
TTATCT	86
TTATGA	64
TTATGC	28
TTATGG	59
TTATGT	52
TTATTA	122
TTATTC	119
TTATTG	98
TTATTT	227
TTCAAA	135
TTCAAC	66
TTCAAG	73
TTCAAT	144
TTCACA	55
TTCACC	29
TTCACG	30
TTCACT	46
TTCAGA	60
TTCAGC	17
TTCAGG	32
TTCAGT	35
TTCATA	121
TTCATC	70
TTCATG	71
TTCATT	152
TTCCAA	91
TTCCAC	35
TTCCAG	46
TTCCAT	110
TTCCCA	30
TTCCCC	41
TTCCCG	41
TTCCCT	46
TTCCGA	43
TTCCGC	24
TTCCGG	34
TTCCGT	33
TTCCTA	77
TTCCTC	63
TTCCTG	35
TTCCTT	110
TTCGAA	96
TTCGAC	24
TTCGAG	48
TTCGAT	79
TTCGCA	11
TTCGCC	23
TTCGCG	15
TTCGCT	32
TTCGGA	54
TTCGGC	21
TTCGGG	49
TTCGGT	26
TTCGTA	47
TTCGTC	32
TTCGTG	32
TTCGTT	55
TTCTAA	72
TTCTAC	57
TTCTAG	64
TTCTAT	152
TTCTCA	58
TTCTCC	51
TTCTCG	50
TTCTCT	82
TTCTGA	57
TTCTGC	30
TTCTGG	50
TTCTGT	57
TTCTTA	99
TTCTTC	128
TTCTTG	92
TTCTTT	237
TTGAAA	143
TTGAAC	64
TTGAAG	68
TTGAAT	158
TTGACA	38
TTGACC	35
TTGACG	24
TTGACT	51
TTGAGA	50
TTGAGC	28
TTGAGG	29
TTGAGT	51
TTGATA	95
TTGATC	83
TTGATG	53
TTGATT	148
TTGCAA	37
TTGCAC	19
TTGCAG	22
TTGCAT	36
TTGCCA	20
TTGCCC	22
TTGCCG	13
TTGCCT	28
TTGCGA	22
TTGCGC	8
TTGCGG	20
TTGCGT	18
TTGCTA	42
TTGCTC	34
TTGCTG	30
TTGCTT	69
TTGGAA	116
TTGGAC	31
TTGGAG	44
TTGGAT	97
TTGGCA	34
TTGGCC	28
TTGGCG	15
TTGGCT	41
TTGGGA	54
TTGGGC	40
TTGGGG	59
TTGGGT	50
TTGGTA	62
TTGGTC	58
TTGGTG	39
TTGGTT	92
TTGTAA	67
TTGTAC	39
TTGTAG	33
TTGTAT	90
TTGTCA	37
TTGTCC	23
TTGTCG	17
TTGTCT	48
TTGTGA	45
TTGTGC	22
TTGTGG	34
TTGTGT	36
TTGTTA	55
TTGTTC	85
TTGTTG	66
TTGTTT	110
TTTAAA	69
TTTAAC	44
TTTAAG	27
TTTAAT	90
TTTACA	58
TTTACC	45
TTTACG	34
TTTACT	68
TTTAGA	81
TTTAGC	37
TTTAGG	41
TTTAGT	58
TTTATA	114
TTTATC	118
TTTATG	73
TTTATT	239
TTTCAA	139
TTTCAC	54
TTTCAG	47
TTTCAT	153
TTTCCA	91
TTTCCC	58
TTTCCG	44
TTTCCT	78
TTTCGA	71
TTTCGC	32
TTTCGG	53
TTTCGT	65
TTTCTA	131
TTTCTC	90
TTTCTG	80
TTTCTT	217
TTTGAA	149
TTTGAC	43
TTTGAG	51
TTTGAT	154
TTTGCA	44
TTTGCC	39
TTTGCG	20
TTTGCT	49
TTTGGA	98
TTTGGC	44
TTTGGG	63
TTTGGT	76
TTTGTA	86
TTTGTC	56
TTTGTG	50
TTTGTT	121
TTTTAA	80
TTTTAC	80
TTTTAG	95
TTTTAT	225
TTTTCA	130
TTTTCC	111
TTTTCG	76
TTTTCT	187
TTTTGA	147
TTTTGC	65
TTTTGG	114
TTTTGT	139
TTTTTA	218
TTTTTC	221
TTTTTG	198
TTTTTT	540
