AAAAAA	553
AAAAAC	108
AAAAAG	215
AAAAAT	254
AAAACA	79
AAAACC	65
AAAACG	35
AAAACT	68
AAAAGA	220
AAAAGC	68
AAAAGG	118
AAAAGT	85
AAAATA	214
AAAATC	133
AAAATG	129
AAAATT	149
AAACAA	117
AAACAC	28
AAACAG	42
AAACAT	59
AAACCA	73
AAACCC	51
AAACCG	18
AAACCT	49
AAACGA	47
AAACGC	16
AAACGG	29
AAACGT	17
AAACTA	48
AAACTC	46
AAACTG	33
AAACTT	68
AAAGAA	237
AAAGAC	60
AAAGAG	97
AAAGAT	140
AAAGCA	49
AAAGCC	39
AAAGCG	34
AAAGCT	37
AAAGGA	134
AAAGGC	29
AAAGGG	69
AAAGGT	53
AAAGTA	62
AAAGTC	36
AAAGTG	44
AAAGTT	70
AAATAA	193
AAATAC	103
AAATAG	143
AAATAT	171
AAATCA	117
AAATCC	108
AAATCG	53
AAATCT	90
AAATGA	156
AAATGC	41
AAATGG	105
AAATGT	55
AAATTA	83
AAATTC	140
AAATTG	114
AAATTT	119
AACAAA	115
AACAAC	43
AACAAG	77
AACAAT	75
AACACA	25
AACACC	18
AACACG	10
AACACT	16
AACAGA	47
AACAGC	25
AACAGG	36
AACAGT	29
AACATA	79
AACATC	29
AACATG	32
AACATT	46
AACCAA	102
AACCAC	31
AACCAG	24
AACCAT	62
AACCCA	56
AACCCC	43
AACCCG	31
AACCCT	45
AACCGA	32
AACCGC	13
AACCGG	26
AACCGT	21
AACCTA	37
AACCTC	29
AACCTG	23
AACCTT	42
AACGAA	63
AACGAC	21
AACGAG	27
AACGAT	31
AACGCA	16
AACGCC	15
AACGCG	11
AACGCT	18
AACGGA	37
AACGGC	13
AACGGG	21
AACGGT	12
AACGTA	20
AACGTC	12
AACGTG	10
AACGTT	18
AACTAA	64
AACTAC	28
AACTAG	39
AACTAT	55
AACTCA	53
AACTCC	38
AACTCG	21
AACTCT	54
AACTGA	43
AACTGC	22
AACTGG	24
AACTGT	24
AACTTA	35
AACTTC	58
AACTTG	49
AACTTT	63
AAGAAA	250
AAGAAC	72
AAGAAG	117
AAGAAT	139
AAGACA	41
AAGACC	34
AAGACG	26
AAGACT	37
AAGAGA	94
AAGAGC	33
AAGAGG	52
AAGAGT	52
AAGATA	93
AAGATC	93
AAGATG	48
AAGATT	91
AAGCAA	57
AAGCAC	24
AAGCAG	32
AAGCAT	44
AAGCCA	29
AAGCCC	26
AAGCCG	20
AAGCCT	24
AAGCGA	27
AAGCGC	11
AAGCGG	22
AAGCGT	22
AAGCTA	32
AAGCTC	33
AAGCTG	18
AAGCTT	35
AAGGAA	106
AAGGAC	21
AAGGAG	38
AAGGAT	85
AAGGCA	25
AAGGCC	24
AAGGCG	21
AAGGCT	19
AAGGGA	57
AAGGGC	29
AAGGGG	59
AAGGGT	39
AAGGTA	48
AAGGTC	28
AAGGTG	22
AAGGTT	35
AAGTAA	85
AAGTAC	40
AAGTAG	54
AAGTAT	58
AAGTCA	26
AAGTCC	25
AAGTCG	35
AAGTCT	30
AAGTGA	41
AAGTGC	22
AAGTGG	47
AAGTGT	25
AAGTTA	36
AAGTTC	65
AAGTTG	45
AAGTTT	65
AATAAA	199
AATAAC	70
AATAAG	104
AATAAT	155
AATACA	77
AATACC	55
AATACG	37
AATACT	71
AATAGA	170
AATAGC	56
AATAGG	83
AATAGT	69
AATATA	100
AATATC	97
AATATG	61
AATATT	156
AATCAA	158
AATCAC	56
AATCAG	42
AATCAT	100
AATCCA	112
AATCCC	74
AATCCG	47
AATCCT	94
AATCGA	92
AATCGC	18
AATCGG	41
AATCGT	43
AATCTA	71
AATCTC	54
AATCTG	39
AATCTT	95
AATGAA	166
AATGAC	37
AATGAG	60
AATGAT	122
AATGCA	44
AATGCC	36
AATGCG	17
AATGCT	33
AATGGA	117
AATGGC	27
AATGGG	60
AATGGT	55
AATGTA	51
AATGTC	27
AATGTG	35
AATGTT	37
AATTAA	90
AATTAC	51
AATTAG	77
AATTAT	106
AATTCA	129
AATTCC	119
AATTCG	73
AATTCT	164
AATTGA	145
AATTGC	52
AATTGG	106
AATTGT	90
AATTTA	76
AATTTC	135
AATTTG	92
AATTTT	147
ACAAAA	123
ACAAAC	35
ACAAAG	49
ACAAAT	85
ACAACA	29
ACAACC	26
ACAACG	20
ACAACT	28
ACAAGA	60
ACAAGC	29
ACAAGG	30
ACAAGT	48
ACAATA	53
ACAATC	34
ACAATG	36
ACAATT	82
ACACAA	32
ACACAC	10
ACACAG	15
ACACAT	33
ACACCA	31
ACACCC	9
ACACCG	9
ACACCT	12
ACACGA	17
ACACGC	6
ACACGG	11
ACACGT	15
ACACTA	18
ACACTC	14
ACACTG	11
ACACTT	25
ACAGAA	62
ACAGAC	14
ACAGAG	21
ACAGAT	37
ACAGCA	21
ACAGCC	16
ACAGCG	13
ACAGCT	21
ACAGGA	32
ACAGGC	18
ACAGGG	15
ACAGGT	30
ACAGTA	17
ACAGTC	16
ACAGTG	16
ACAGTT	23
ACATAA	63
ACATAC	32
ACATAG	50
ACATAT	82
ACATCA	29
ACATCC	36
ACATCG	20
ACATCT	46
ACATGA	41
ACATGC	18
ACATGG	23
ACATGT	31
ACATTA	33
ACATTC	39
ACATTG	39
ACATTT	57
ACCAAA	86
ACCAAC	48
ACCAAG	49
ACCAAT	76
ACCACA	21
ACCACC	22
ACCACG	14
ACCACT	22
ACCAGA	34
ACCAGC	13
ACCAGG	12
ACCAGT	14
ACCATA	51
ACCATC	34
ACCATG	26
ACCATT	46
ACCCAA	53
ACCCAC	20
ACCCAG	28
ACCCAT	55
ACCCCA	28
ACCCCC	47
ACCCCG	16
ACCCCT	40
ACCCGA	23
ACCCGC	18
ACCCGG	10
ACCCGT	25
ACCCTA	30
ACCCTC	23
ACCCTG	23
ACCCTT	46
ACCGAA	30
ACCGAC	9
ACCGAG	18
ACCGAT	37
ACCGCA	9
ACCGCC	12
ACCGCG	5
ACCGCT	19
ACCGGA	24
ACCGGC	8
ACCGGG	15
ACCGGT	19
ACCGTA	23
ACCGTC	10
ACCGTG	11
ACCGTT	11
ACCTAA	31
ACCTAC	26
ACCTAG	21
ACCTAT	45
ACCTCA	15
ACCTCC	26
ACCTCG	20
ACCTCT	36
ACCTGA	26
ACCTGC	11
ACCTGG	19
ACCTGT	21
ACCTTA	24
ACCTTC	30
ACCTTG	26
ACCTTT	57
ACGAAA	65
ACGAAC	27
ACGAAG	32
ACGAAT	56
ACGACA	12
ACGACC	18
ACGACG	15
ACGACT	14
ACGAGA	25
ACGAGC	14
ACGAGG	11
ACGAGT	18
ACGATA	28
ACGATC	22
ACGATG	16
ACGATT	36
ACGCAA	12
ACGCAC	10
ACGCAG	3
ACGCAT	13
ACGCCA	10
ACGCCC	20
ACGCCG	7
ACGCCT	15
ACGCGA	7
ACGCGC	5
ACGCGG	6
ACGCGT	8
ACGCTA	6
ACGCTC	15
ACGCTG	8
ACGCTT	20
ACGGAA	34
ACGGAC	12
ACGGAG	18
ACGGAT	30
ACGGCA	5
ACGGCC	12
ACGGCG	16
ACGGCT	23
ACGGGA	22
ACGGGC	12
ACGGGG	16
ACGGGT	18
ACGGTA	16
ACGGTC	7
ACGGTG	8
ACGGTT	20
ACGTAA	24
ACGTAC	8
ACGTAG	12
ACGTAT	26
ACGTCA	12
ACGTCC	14
ACGTCG	8
ACGTCT	13
ACGTGA	17
ACGTGC	8
ACGTGG	7
ACGTGT	15
ACGTTA	8
ACGTTC	25
ACGTTG	13
ACGTTT	23
ACTAAA	56
ACTAAC	12
ACTAAG	39
ACTAAT	75
ACTACA	19
ACTACC	17
ACTACG	17
ACTACT	31
ACTAGA	40
ACTAGC	27
ACTAGG	15
ACTAGT	23
ACTATA	41
ACTATC	35
ACTATG	31
ACTATT	58
ACTCAA	55
ACTCAC	16
ACTCAG	15
ACTCAT	45
ACTCCA	30
ACTCCC	30
ACTCCG	13
ACTCCT	34
ACTCGA	27
ACTCGC	11
ACTCGG	21
ACTCGT	18
ACTCTA	43
ACTCTC	20
ACTCTG	23
ACTCTT	52
ACTGAA	46
ACTGAC	12
ACTGAG	21
ACTGAT	39
ACTGCA	24
ACTGCC	15
ACTGCG	12
ACTGCT	32
ACTGGA	35
ACTGGC	5
ACTGGG	13
ACTGGT	22
ACTGTA	20
ACTGTC	15
ACTGTG	8
ACTGTT	28
ACTTAA	36
ACTTAC	15
ACTTAG	23
ACTTAT	51
ACTTCA	42
ACTTCC	46
ACTTCG	34
ACTTCT	74
ACTTGA	51
ACTTGC	16
ACTTGG	40
ACTTGT	41
ACTTTA	34
ACTTTC	53
ACTTTG	37
ACTTTT	78
AGAAAA	210
AGAAAC	58
AGAAAG	118
AGAAAT	182
AGAACA	41
AGAACC	53
AGAACG	32
AGAACT	56
AGAAGA	99
AGAAGC	40
AGAAGG	59
AGAAGT	66
AGAATA	94
AGAATC	91
AGAATG	55
AGAATT	129
AGACAA	44
AGACAC	21
AGACAG	26
AGACAT	36
AGACCA	28
AGACCC	30
AGACCG	16
AGACCT	21
AGACGA	28
AGACGC	10
AGACGG	12
AGACGT	12
AGACTA	25
AGACTC	21
AGACTG	10
AGACTT	29
AGAGAA	79
AGAGAC	29
AGAGAG	39
AGAGAT	93
AGAGCA	27
AGAGCC	26
AGAGCG	15
AGAGCT	32
AGAGGA	45
AGAGGC	20
AGAGGG	44
AGAGGT	28
AGAGTA	44
AGAGTC	24
AGAGTG	14
AGAGTT	58
AGATAA	79
AGATAC	59
AGATAG	63
AGATAT	105
AGATCA	56
AGATCC	78
AGATCG	34
AGATCT	80
AGATGA	50
AGATGC	27
AGATGG	35
AGATGT	44
AGATTA	48
AGATTC	89
AGATTG	38
AGATTT	93
AGCAAA	51
AGCAAC	30
AGCAAG	30
AGCAAT	59
AGCACA	15
AGCACC	20
AGCACG	16
AGCACT	22
AGCAGA	23
AGCAGC	25
AGCAGG	33
AGCAGT	33
AGCATA	26
AGCATC	31
AGCATG	28
AGCATT	41
AGCCAA	41
AGCCAC	23
AGCCAG	13
AGCCAT	37
AGCCCA	26
AGCCCC	27
AGCCCG	7
AGCCCT	25
AGCCGA	21
AGCCGC	11
AGCCGG	16
AGCCGT	19
AGCCTA	20
AGCCTC	16
AGCCTG	13
AGCCTT	20
AGCGAA	27
AGCGAC	13
AGCGAG	10
AGCGAT	17
AGCGCA	8
AGCGCC	6
AGCGCG	4
AGCGCT	6
AGCGGA	17
AGCGGC	12
AGCGGG	16
AGCGGT	20
AGCGTA	11
AGCGTC	12
AGCGTG	7
AGCGTT	17
AGCTAA	38
AGCTAC	32
AGCTAG	25
AGCTAT	38
AGCTCA	25
AGCTCC	31
AGCTCG	18
AGCTCT	29
AGCTGA	15
AGCTGC	24
AGCTGG	19
AGCTGT	17
AGCTTA	14
AGCTTC	39
AGCTTG	24
AGCTTT	30
AGGAAA	79
AGGAAC	52
AGGAAG	51
AGGAAT	92
AGGACA	14
AGGACC	21
AGGACG	10
AGGACT	22
AGGAGA	31
AGGAGC	28
AGGAGG	43
AGGAGT	21
AGGATA	38
AGGATC	65
AGGATG	30
AGGATT	96
AGGCAA	22
AGGCAC	13
AGGCAG	12
AGGCAT	26
AGGCCA	10
AGGCCC	24
AGGCCG	8
AGGCCT	24
AGGCGA	14
AGGCGC	11
AGGCGG	15
AGGCGT	16
AGGCTA	13
AGGCTC	13
AGGCTG	12
AGGCTT	25
AGGGAA	47
AGGGAC	13
AGGGAG	26
AGGGAT	58
AGGGCA	22
AGGGCC	19
AGGGCG	12
AGGGCT	22
AGGGGA	39
AGGGGC	31
AGGGGG	29
AGGGGT	40
AGGGTA	21
AGGGTC	22
AGGGTG	18
AGGGTT	39
AGGTAA	40
AGGTAC	26
AGGTAG	25
AGGTAT	50
AGGTCA	23
AGGTCC	37
AGGTCG	13
AGGTCT	30
AGGTGA	15
AGGTGC	18
AGGTGG	19
AGGTGT	20
AGGTTA	17
AGGTTC	43
AGGTTG	24
AGGTTT	50
AGTAAA	62
AGTAAC	38
AGTAAG	37
AGTAAT	72
AGTACA	25
AGTACC	40
AGTACG	22
AGTACT	21
AGTAGA	46
AGTAGC	32
AGTAGG	23
AGTAGT	40
AGTATA	38
AGTATC	55
AGTATG	28
AGTATT	63
AGTCAA	42
AGTCAC	18
AGTCAG	16
AGTCAT	32
AGTCCA	24
AGTCCC	17
AGTCCG	14
AGTCCT	23
AGTCGA	33
AGTCGC	17
AGTCGG	16
AGTCGT	12
AGTCTA	17
AGTCTC	26
AGTCTG	19
AGTCTT	31
AGTGAA	50
AGTGAC	18
AGTGAG	23
AGTGAT	47
AGTGCA	14
AGTGCC	9
AGTGCG	8
AGTGCT	29
AGTGGA	50
AGTGGC	18
AGTGGG	19
AGTGGT	30
AGTGTA	19
AGTGTC	14
AGTGTG	21
AGTGTT	18
AGTTAA	32
AGTTAC	41
AGTTAG	40
AGTTAT	62
AGTTCA	57
AGTTCC	48
AGTTCG	31
AGTTCT	54
AGTTGA	44
AGTTGC	21
AGTTGG	40
AGTTGT	37
AGTTTA	34
AGTTTC	49
AGTTTG	35
AGTTTT	67
ATAAAA	186
ATAAAC	57
ATAAAG	80
ATAAAT	160
ATAACA	53
ATAACC	50
ATAACG	19
ATAACT	67
ATAAGA	104
ATAAGC	40
ATAAGG	44
ATAAGT	73
ATAATA	108
ATAATC	67
ATAATG	76
ATAATT	121
ATACAA	87
ATACAC	39
ATACAG	32
ATACAT	86
ATACCA	48
ATACCC	26
ATACCG	32
ATACCT	48
ATACGA	45
ATACGC	15
ATACGG	25
ATACGT	30
ATACTA	48
ATACTC	44
ATACTG	30
ATACTT	58
ATAGAA	169
ATAGAC	40
ATAGAG	64
ATAGAT	126
ATAGCA	35
ATAGCC	25
ATAGCG	18
ATAGCT	46
ATAGGA	82
ATAGGC	26
ATAGGG	44
ATAGGT	47
ATAGTA	63
ATAGTC	30
ATAGTG	46
ATAGTT	63
ATATAA	111
ATATAC	57
ATATAG	71
ATATAT	139
ATATCA	78
ATATCC	54
ATATCG	35
ATATCT	113
ATATGA	91
ATATGC	27
ATATGG	43
ATATGT	49
ATATTA	71
ATATTC	113
ATATTG	86
ATATTT	164
ATCAAA	168
ATCAAC	52
ATCAAG	46
ATCAAT	150
ATCACA	42
ATCACC	23
ATCACG	13
ATCACT	50
ATCAGA	61
ATCAGC	20
ATCAGG	20
ATCAGT	37
ATCATA	79
ATCATC	54
ATCATG	45
ATCATT	111
ATCCAA	109
ATCCAC	51
ATCCAG	49
ATCCAT	105
ATCCCA	59
ATCCCC	44
ATCCCG	30
ATCCCT	57
ATCCGA	47
ATCCGC	27
ATCCGG	29
ATCCGT	33
ATCCTA	64
ATCCTC	40
ATCCTG	43
ATCCTT	95
ATCGAA	96
ATCGAC	32
ATCGAG	38
ATCGAT	70
ATCGCA	15
ATCGCC	17
ATCGCG	8
ATCGCT	17
ATCGGA	40
ATCGGC	16
ATCGGG	23
ATCGGT	33
ATCGTA	43
ATCGTC	26
ATCGTG	23
ATCGTT	32
ATCTAA	72
ATCTAC	42
ATCTAG	50
ATCTAT	118
ATCTCA	56
ATCTCC	42
ATCTCG	33
ATCTCT	87
ATCTGA	56
ATCTGC	28
ATCTGG	34
ATCTGT	40
ATCTTA	46
ATCTTC	63
ATCTTG	69
ATCTTT	165
ATGAAA	136
ATGAAC	67
ATGAAG	58
ATGAAT	145
ATGACA	25
ATGACC	26
ATGACG	12
ATGACT	41
ATGAGA	68
ATGAGC	37
ATGAGG	26
ATGAGT	49
ATGATA	90
ATGATC	67
ATGATG	47
ATGATT	100
ATGCAA	41
ATGCAC	17
ATGCAG	21
ATGCAT	44
ATGCCA	27
ATGCCC	26
ATGCCG	12
ATGCCT	28
ATGCGA	10
ATGCGC	12
ATGCGG	10
ATGCGT	15
ATGCTA	32
ATGCTC	23
ATGCTG	14
ATGCTT	38
ATGGAA	117
ATGGAC	32
ATGGAG	31
ATGGAT	120
ATGGCA	22
ATGGCC	21
ATGGCG	12
ATGGCT	35
ATGGGA	52
ATGGGC	23
ATGGGG	37
ATGGGT	49
ATGGTA	46
ATGGTC	34
ATGGTG	20
ATGGTT	43
ATGTAA	48
ATGTAC	26
ATGTAG	37
ATGTAT	71
ATGTCA	19
ATGTCC	20
ATGTCG	14
ATGTCT	34
ATGTGA	35
ATGTGC	13
ATGTGG	26
ATGTGT	29
ATGTTA	33
ATGTTC	35
ATGTTG	26
ATGTTT	43
ATTAAA	88
ATTAAC	40
ATTAAG	41
ATTAAT	107
ATTACA	42
ATTACC	33
ATTACG	23
ATTACT	71
ATTAGA	85
ATTAGC	26
ATTAGG	34
ATTAGT	74
ATTATA	69
ATTATC	67
ATTATG	63
ATTATT	136
ATTCAA	165
ATTCAC	62
ATTCAG	49
ATTCAT	161
ATTCCA	125
ATTCCC	60
ATTCCG	43
ATTCCT	128
ATTCGA	101
ATTCGC	22
ATTCGG	38
ATTCGT	58
ATTCTA	98
ATTCTC	70
ATTCTG	75
ATTCTT	173
ATTGAA	146
ATTGAC	44
ATTGAG	59
ATTGAT	142
ATTGCA	38
ATTGCC	26
ATTGCG	25
ATTGCT	45
ATTGGA	104
ATTGGC	41
ATTGGG	57
ATTGGT	80
ATTGTA	64
ATTGTC	38
ATTGTG	27
ATTGTT	84
ATTTAA	78
ATTTAC	65
ATTTAG	42
ATTTAT	142
ATTTCA	141
ATTTCC	94
ATTTCG	81
ATTTCT	214
ATTTGA	142
ATTTGC	38
ATTTGG	60
ATTTGT	92
ATTTTA	105
ATTTTC	132
ATTTTG	131
ATTTTT	280
CAAAAA	181
CAAAAC	46
CAAAAG	77
CAAAAT	123
CAAACA	54
CAAACC	39
CAAACG	21
CAAACT	40
CAAAGA	81
CAAAGC	21
CAAAGG	50
CAAAGT	34
CAAATA	124
CAAATC	78
CAAATG	55
CAAATT	99
CAACAA	64
CAACAC	13
CAACAG	27
CAACAT	34
CAACCA	36
CAACCC	31
CAACCG	13
CAACCT	25
CAACGA	33
CAACGC	12
CAACGG	21
CAACGT	9
CAACTA	34
CAACTC	37
CAACTG	19
CAACTT	37
CAAGAA	86
CAAGAC	23
CAAGAG	35
CAAGAT	63
CAAGCA	36
CAAGCC	21
CAAGCG	17
CAAGCT	23
CAAGGA	38
CAAGGC	19
CAAGGG	29
CAAGGT	28
CAAGTA	61
CAAGTC	26
CAAGTG	28
CAAGTT	40
CAATAA	111
CAATAC	44
CAATAG	67
CAATAT	76
CAATCA	75
CAATCC	59
CAATCG	30
CAATCT	39
CAATGA	63
CAATGC	29
CAATGG	49
CAATGT	34
CAATTA	73
CAATTC	122
CAATTG	84
CAATTT	112
CACAAA	49
CACAAC	17
CACAAG	26
CACAAT	34
CACACA	15
CACACC	13
CACACG	13
CACACT	21
CACAGA	17
CACAGC	14
CACAGG	16
CACAGT	7
CACATA	36
CACATC	28
CACATG	18
CACATT	47
CACCAA	41
CACCAC	15
CACCAG	16
CACCAT	14
CACCCA	26
CACCCC	25
CACCCG	11
CACCCT	20
CACCGA	9
CACCGC	11
CACCGG	13
CACCGT	7
CACCTA	23
CACCTC	16
CACCTG	9
CACCTT	23
CACGAA	25
CACGAC	14
CACGAG	11
CACGAT	18
CACGCA	6
CACGCC	8
CACGCG	5
CACGCT	10
CACGGA	16
CACGGC	14
CACGGG	10
CACGGT	8
CACGTA	13
CACGTC	9
CACGTG	14
CACGTT	14
CACTAA	29
CACTAC	12
CACTAG	23
CACTAT	30
CACTCA	20
CACTCC	16
CACTCG	19
CACTCT	23
CACTGA	24
CACTGC	18
CACTGG	14
CACTGT	16
CACTTA	23
CACTTC	34
CACTTG	27
CACTTT	43
CAGAAA	77
CAGAAC	30
CAGAAG	44
CAGAAT	55
CAGACA	15
CAGACC	18
CAGACG	8
CAGACT	6
CAGAGA	32
CAGAGC	16
CAGAGG	29
CAGAGT	25
CAGATA	42
CAGATC	37
CAGATG	23
CAGATT	36
CAGCAA	30
CAGCAC	13
CAGCAG	24
CAGCAT	24
CAGCCA	24
CAGCCC	15
CAGCCG	9
CAGCCT	11
CAGCGA	10
CAGCGC	2
CAGCGG	13
CAGCGT	9
CAGCTA	23
CAGCTC	16
CAGCTG	15
CAGCTT	16
CAGGAA	39
CAGGAC	10
CAGGAG	27
CAGGAT	38
CAGGCA	12
CAGGCC	11
CAGGCG	17
CAGGCT	15
CAGGGA	20
CAGGGC	16
CAGGGG	18
CAGGGT	19
CAGGTA	28
CAGGTC	21
CAGGTG	17
CAGGTT	23
CAGTAA	23
CAGTAC	20
CAGTAG	22
CAGTAT	25
CAGTCA	31
CAGTCC	10
CAGTCG	10
CAGTCT	11
CAGTGA	20
CAGTGC	12
CAGTGG	23
CAGTGT	9
CAGTTA	35
CAGTTC	41
CAGTTG	19
CAGTTT	25
CATAAA	80
CATAAC	35
CATAAG	53
CATAAT	71
CATACA	46
CATACC	29
CATACG	28
CATACT	28
CATAGA	61
CATAGC	21
CATAGG	43
CATAGT	45
CATATA	95
CATATC	57
CATATG	30
CATATT	101
CATCAA	58
CATCAC	19
CATCAG	23
CATCAT	40
CATCCA	47
CATCCC	31
CATCCG	18
CATCCT	37
CATCGA	42
CATCGC	13
CATCGG	15
CATCGT	17
CATCTA	48
CATCTC	45
CATCTG	35
CATCTT	57
CATGAA	65
CATGAC	23
CATGAG	45
CATGAT	38
CATGCA	27
CATGCC	18
CATGCG	6
CATGCT	26
CATGGA	49
CATGGC	23
CATGGG	30
CATGGT	28
CATGTA	37
CATGTC	22
CATGTG	20
CATGTT	31
CATTAA	55
CATTAC	41
CATTAG	36
CATTAT	70
CATTCA	59
CATTCC	62
CATTCG	34
CATTCT	64
CATTGA	71
CATTGC	27
CATTGG	42
CATTGT	32
CATTTA	73
CATTTC	120
CATTTG	66
CATTTT	131
CCAAAA	99
CCAAAC	45
CCAAAG	62
CCAAAT	77
CCAACA	37
CCAACC	35
CCAACG	22
CCAACT	39
CCAAGA	44
CCAAGC	37
CCAAGG	41
CCAAGT	39
CCAATA	84
CCAATC	67
CCAATG	44
CCAATT	109
CCACAA	42
CCACAC	19
CCACAG	13
CCACAT	32
CCACCA	15
CCACCC	31
CCACCG	12
CCACCT	19
CCACGA	18
CCACGC	10
CCACGG	13
CCACGT	9
CCACTA	24
CCACTC	23
CCACTG	24
CCACTT	35
CCAGAA	48
CCAGAC	12
CCAGAG	26
CCAGAT	36
CCAGCA	14
CCAGCC	8
CCAGCG	9
CCAGCT	21
CCAGGA	36
CCAGGC	11
CCAGGG	20
CCAGGT	22
CCAGTA	26
CCAGTC	15
CCAGTG	12
CCAGTT	29
CCATAA	69
CCATAC	36
CCATAG	53
CCATAT	63
CCATCA	26
CCATCC	35
CCATCG	30
CCATCT	50
CCATGA	49
CCATGC	24
CCATGG	36
CCATGT	25
CCATTA	47
CCATTC	70
CCATTG	42
CCATTT	126
CCCAAA	62
CCCAAC	27
CCCAAG	39
CCCAAT	71
CCCACA	22
CCCACC	15
CCCACG	11
CCCACT	19
CCCAGA	36
CCCAGC	12
CCCAGG	23
CCCAGT	20
CCCATA	49
CCCATC	31
CCCATG	34
CCCATT	77
CCCCAA	47
CCCCAC	12
CCCCAG	28
CCCCAT	44
CCCCCA	30
CCCCCC	50
CCCCCG	28
CCCCCT	46
CCCCGA	26
CCCCGC	13
CCCCGG	17
CCCCGT	16
CCCCTA	29
CCCCTC	37
CCCCTG	25
CCCCTT	62
CCCGAA	50
CCCGAC	16
CCCGAG	18
CCCGAT	21
CCCGCA	16
CCCGCC	12
CCCGCG	6
CCCGCT	18
CCCGGA	27
CCCGGC	8
CCCGGG	17
CCCGGT	16
CCCGTA	24
CCCGTC	15
CCCGTG	17
CCCGTT	21
CCCTAA	19
CCCTAC	23
CCCTAG	28
CCCTAT	37
CCCTCA	19
CCCTCC	28
CCCTCG	19
CCCTCT	52
CCCTGA	21
CCCTGC	20
CCCTGG	21
CCCTGT	18
CCCTTA	27
CCCTTC	56
CCCTTG	37
CCCTTT	91
CCGAAA	55
CCGAAC	25
CCGAAG	30
CCGAAT	46
CCGACA	17
CCGACC	20
CCGACG	6
CCGACT	13
CCGAGA	23
CCGAGC	21
CCGAGG	13
CCGAGT	22
CCGATA	29
CCGATC	26
CCGATG	21
CCGATT	43
CCGCAA	15
CCGCAC	10
CCGCAG	13
CCGCAT	18
CCGCCA	12
CCGCCC	14
CCGCCG	16
CCGCCT	15
CCGCGA	9
CCGCGC	4
CCGCGG	6
CCGCGT	9
CCGCTA	22
CCGCTC	16
CCGCTG	12
CCGCTT	19
CCGGAA	32
CCGGAC	12
CCGGAG	20
CCGGAT	27
CCGGCA	12
CCGGCC	5
CCGGCG	9
CCGGCT	17
CCGGGA	24
CCGGGC	12
CCGGGG	20
CCGGGT	11
CCGGTA	22
CCGGTC	16
CCGGTG	10
CCGGTT	19
CCGTAA	22
CCGTAC	22
CCGTAG	28
CCGTAT	21
CCGTCA	13
CCGTCC	11
CCGTCG	16
CCGTCT	7
CCGTGA	23
CCGTGC	6
CCGTGG	11
CCGTGT	16
CCGTTA	13
CCGTTC	20
CCGTTG	24
CCGTTT	33
CCTAAA	45
CCTAAC	18
CCTAAG	14
CCTAAT	46
CCTACA	25
CCTACC	23
CCTACG	20
CCTACT	31
CCTAGA	35
CCTAGC	19
CCTAGG	17
CCTAGT	27
CCTATA	40
CCTATC	34
CCTATG	28
CCTATT	98
CCTCAA	18
CCTCAC	17
CCTCAG	17
CCTCAT	27
CCTCCA	30
CCTCCC	25
CCTCCG	18
CCTCCT	45
CCTCGA	31
CCTCGC	14
CCTCGG	21
CCTCGT	16
CCTCTA	34
CCTCTC	36
CCTCTG	35
CCTCTT	69
CCTGAA	44
CCTGAC	17
CCTGAG	20
CCTGAT	25
CCTGCA	17
CCTGCC	15
CCTGCG	12
CCTGCT	23
CCTGGA	29
CCTGGC	20
CCTGGG	22
CCTGGT	17
CCTGTA	27
CCTGTC	14
CCTGTG	16
CCTGTT	40
CCTTAA	28
CCTTAC	27
CCTTAG	21
CCTTAT	38
CCTTCA	27
CCTTCC	53
CCTTCG	22
CCTTCT	69
CCTTGA	40
CCTTGC	19
CCTTGG	42
CCTTGT	42
CCTTTA	44
CCTTTC	82
CCTTTG	38
CCTTTT	135
CGAAAA	76
CGAAAC	32
CGAAAG	46
CGAAAT	75
CGAACA	32
CGAACC	44
CGAACG	19
CGAACT	26
CGAAGA	48
CGAAGC	19
CGAAGG	18
CGAAGT	39
CGAATA	60
CGAATC	63
CGAATG	30
CGAATT	85
CGACAA	16
CGACAC	11
CGACAG	12
CGACAT	20
CGACCA	16
CGACCC	31
CGACCG	8
CGACCT	17
CGACGA	15
CGACGC	8
CGACGG	13
CGACGT	9
CGACTA	6
CGACTC	19
CGACTG	11
CGACTT	24
CGAGAA	43
CGAGAC	12
CGAGAG	19
CGAGAT	44
CGAGCA	16
CGAGCC	27
CGAGCG	6
CGAGCT	20
CGAGGA	19
CGAGGC	3
CGAGGG	9
CGAGGT	15
CGAGTA	23
CGAGTC	22
CGAGTG	19
CGAGTT	15
CGATAA	39
CGATAC	33
CGATAG	23
CGATAT	33
CGATCA	33
CGATCC	33
CGATCG	21
CGATCT	34
CGATGA	26
CGATGC	11
CGATGG	30
CGATGT	11
CGATTA	35
CGATTC	73
CGATTG	23
CGATTT	58
CGCAAA	12
CGCAAC	8
CGCAAG	10
CGCAAT	23
CGCACA	7
CGCACC	7
CGCACG	7
CGCACT	12
CGCAGA	6
CGCAGC	10
CGCAGG	11
CGCAGT	9
CGCATA	19
CGCATC	9
CGCATG	8
CGCATT	18
CGCCAA	13
CGCCAC	12
CGCCAG	11
CGCCAT	15
CGCCCA	16
CGCCCC	22
CGCCCG	10
CGCCCT	16
CGCCGA	15
CGCCGC	4
CGCCGG	7
CGCCGT	9
CGCCTA	18
CGCCTC	13
CGCCTG	14
CGCCTT	11
CGCGAA	8
CGCGAC	3
CGCGAG	15
CGCGAT	9
CGCGCA	2
CGCGCC	5
CGCGCG	5
CGCGCT	11
CGCGGA	8
CGCGGC	8
CGCGGG	7
CGCGGT	10
CGCGTA	8
CGCGTC	2
CGCGTG	9
CGCGTT	11
CGCTAA	9
CGCTAC	14
CGCTAG	5
CGCTAT	22
CGCTCA	17
CGCTCC	14
CGCTCG	10
CGCTCT	25
CGCTGA	12
CGCTGC	8
CGCTGG	8
CGCTGT	6
CGCTTA	15
CGCTTC	17
CGCTTG	13
CGCTTT	27
CGGAAA	45
CGGAAC	31
CGGAAG	27
CGGAAT	32
CGGACA	12
CGGACC	21
CGGACG	10
CGGACT	11
CGGAGA	22
CGGAGC	13
CGGAGG	19
CGGAGT	15
CGGATA	27
CGGATC	34
CGGATG	20
CGGATT	47
CGGCAA	17
CGGCAC	4
CGGCAG	10
CGGCAT	14
CGGCCA	10
CGGCCC	16
CGGCCG	3
CGGCCT	6
CGGCGA	14
CGGCGC	4
CGGCGG	12
CGGCGT	7
CGGCTA	22
CGGCTC	24
CGGCTG	11
CGGCTT	17
CGGGAA	39
CGGGAC	15
CGGGAG	20
CGGGAT	22
CGGGCA	6
CGGGCC	19
CGGGCG	10
CGGGCT	9
CGGGGA	17
CGGGGC	14
CGGGGG	25
CGGGGT	16
CGGGTA	17
CGGGTC	17
CGGGTG	10
CGGGTT	21
CGGTAA	21
CGGTAC	16
CGGTAG	17
CGGTAT	30
CGGTCA	12
CGGTCC	16
CGGTCG	9
CGGTCT	23
CGGTGA	12
CGGTGC	10
CGGTGG	17
CGGTGT	7
CGGTTA	18
CGGTTC	32
CGGTTG	14
CGGTTT	29
CGTAAA	32
CGTAAC	15
CGTAAG	24
CGTAAT	34
CGTACA	18
CGTACC	15
CGTACG	4
CGTACT	20
CGTAGA	23
CGTAGC	17
CGTAGG	20
CGTAGT	19
CGTATA	23
CGTATC	20
CGTATG	19
CGTATT	47
CGTCAA	20
CGTCAC	13
CGTCAG	7
CGTCAT	10
CGTCCA	21
CGTCCC	17
CGTCCG	9
CGTCCT	11
CGTCGA	20
CGTCGC	7
CGTCGG	8
CGTCGT	15
CGTCTA	8
CGTCTC	13
CGTCTG	9
CGTCTT	15
CGTGAA	28
CGTGAC	15
CGTGAG	18
CGTGAT	18
CGTGCA	13
CGTGCC	6
CGTGCG	4
CGTGCT	12
CGTGGA	19
CGTGGC	3
CGTGGG	9
CGTGGT	11
CGTGTA	14
CGTGTC	18
CGTGTG	14
CGTGTT	15
CGTTAA	16
CGTTAC	19
CGTTAG	8
CGTTAT	15
CGTTCA	20
CGTTCC	28
CGTTCG	14
CGTTCT	34
CGTTGA	30
CGTTGC	14
CGTTGG	16
CGTTGT	21
CGTTTA	20
CGTTTC	35
CGTTTG	20
CGTTTT	47
CTAAAA	85
CTAAAC	27
CTAAAG	38
CTAAAT	58
CTAACA	24
CTAACC	22
CTAACG	15
CTAACT	26
CTAAGA	45
CTAAGC	18
CTAAGG	23
CTAAGT	26
CTAATA	54
CTAATC	52
CTAATG	45
CTAATT	83
CTACAA	32
CTACAC	15
CTACAG	33
CTACAT	35
CTACCA	38
CTACCC	31
CTACCG	18
CTACCT	22
CTACGA	27
CTACGC	10
CTACGG	24
CTACGT	12
CTACTA	38
CTACTC	21
CTACTG	27
CTACTT	54
CTAGAA	62
CTAGAC	18
CTAGAG	28
CTAGAT	37
CTAGCA	27
CTAGCC	20
CTAGCG	6
CTAGCT	21
CTAGGA	30
CTAGGC	13
CTAGGG	20
CTAGGT	23
CTAGTA	32
CTAGTC	16
CTAGTG	22
CTAGTT	42
CTATAA	62
CTATAC	34
CTATAG	41
CTATAT	65
CTATCA	43
CTATCC	38
CTATCG	25
CTATCT	67
CTATGA	48
CTATGC	12
CTATGG	37
CTATGT	28
CTATTA	71
CTATTC	79
CTATTG	57
CTATTT	149
CTCAAA	51
CTCAAC	20
CTCAAG	19
CTCAAT	67
CTCACA	22
CTCACC	10
CTCACG	14
CTCACT	19
CTCAGA	21
CTCAGC	21
CTCAGG	16
CTCAGT	19
CTCATA	51
CTCATC	28
CTCATG	28
CTCATT	59
CTCCAA	37
CTCCAC	25
CTCCAG	25
CTCCAT	39
CTCCCA	36
CTCCCC	34
CTCCCG	20
CTCCCT	31
CTCCGA	20
CTCCGC	17
CTCCGG	15
CTCCGT	20
CTCCTA	44
CTCCTC	34
CTCCTG	33
CTCCTT	40
CTCGAA	53
CTCGAC	19
CTCGAG	22
CTCGAT	47
CTCGCA	7
CTCGCC	13
CTCGCG	16
CTCGCT	17
CTCGGA	30
CTCGGC	9
CTCGGG	23
CTCGGT	26
CTCGTA	25
CTCGTC	10
CTCGTG	15
CTCGTT	27
CTCTAA	34
CTCTAC	38
CTCTAG	14
CTCTAT	75
CTCTCA	35
CTCTCC	40
CTCTCG	23
CTCTCT	42
CTCTGA	38
CTCTGC	18
CTCTGG	31
CTCTGT	21
CTCTTA	51
CTCTTC	65
CTCTTG	47
CTCTTT	119
CTGAAA	56
CTGAAC	31
CTGAAG	28
CTGAAT	65
CTGACA	18
CTGACC	23
CTGACG	9
CTGACT	19
CTGAGA	30
CTGAGC	21
CTGAGG	20
CTGAGT	16
CTGATA	34
CTGATC	38
CTGATG	24
CTGATT	47
CTGCAA	25
CTGCAC	14
CTGCAG	16
CTGCAT	28
CTGCCA	16
CTGCCC	21
CTGCCG	11
CTGCCT	19
CTGCGA	12
CTGCGC	11
CTGCGG	11
CTGCGT	9
CTGCTA	37
CTGCTC	17
CTGCTG	19
CTGCTT	52
CTGGAA	44
CTGGAC	15
CTGGAG	24
CTGGAT	46
CTGGCA	13
CTGGCC	13
CTGGCG	8
CTGGCT	14
CTGGGA	18
CTGGGC	18
CTGGGG	23
CTGGGT	16
CTGGTA	24
CTGGTC	20
CTGGTG	16
CTGGTT	36
CTGTAA	32
CTGTAC	16
CTGTAG	23
CTGTAT	32
CTGTCA	18
CTGTCC	22
CTGTCG	6
CTGTCT	30
CTGTGA	16
CTGTGC	12
CTGTGG	12
CTGTGT	15
CTGTTA	34
CTGTTC	51
CTGTTG	31
CTGTTT	41
CTTAAA	27
CTTAAC	31
CTTAAG	13
CTTAAT	56
CTTACA	17
CTTACC	28
CTTACG	20
CTTACT	40
CTTAGA	39
CTTAGC	22
CTTAGG	18
CTTAGT	31
CTTATA	36
CTTATC	45
CTTATG	25
CTTATT	90
CTTCAA	49
CTTCAC	28
CTTCAG	21
CTTCAT	67
CTTCCA	72
CTTCCC	40
CTTCCG	27
CTTCCT	66
CTTCGA	41
CTTCGC	13
CTTCGG	35
CTTCGT	30
CTTCTA	63
CTTCTC	61
CTTCTG	51
CTTCTT	133
CTTGAA	82
CTTGAC	44
CTTGAG	19
CTTGAT	63
CTTGCA	21
CTTGCC	14
CTTGCG	12
CTTGCT	29
CTTGGA	51
CTTGGC	24
CTTGGG	41
CTTGGT	44
CTTGTA	50
CTTGTC	19
CTTGTG	27
CTTGTT	91
CTTTAA	41
CTTTAC	31
CTTTAG	37
CTTTAT	85
CTTTCA	98
CTTTCC	76
CTTTCG	58
CTTTCT	115
CTTTGA	63
CTTTGC	27
CTTTGG	53
CTTTGT	54
CTTTTA	63
CTTTTC	114
CTTTTG	95
CTTTTT	265
GAAAAA	212
GAAAAC	55
GAAAAG	118
GAAAAT	130
GAAACA	70
GAAACC	43
GAAACG	29
GAAACT	45
GAAAGA	150
GAAAGC	32
GAAAGG	77
GAAAGT	51
GAAATA	153
GAAATC	83
GAAATG	96
GAAATT	125
GAACAA	77
GAACAC	15
GAACAG	42
GAACAT	42
GAACCA	55
GAACCC	55
GAACCG	39
GAACCT	39
GAACGA	34
GAACGC	18
GAACGG	16
GAACGT	23
GAACTA	54
GAACTC	38
GAACTG	37
GAACTT	57
GAAGAA	138
GAAGAC	28
GAAGAG	57
GAAGAT	60
GAAGCA	45
GAAGCC	16
GAAGCG	15
GAAGCT	34
GAAGGA	44
GAAGGC	19
GAAGGG	59
GAAGGT	29
GAAGTA	67
GAAGTC	25
GAAGTG	32
GAAGTT	64
GAATAA	128
GAATAC	47
GAATAG	95
GAATAT	93
GAATCA	115
GAATCC	91
GAATCG	63
GAATCT	73
GAATGA	78
GAATGC	27
GAATGG	59
GAATGT	25
GAATTA	95
GAATTC	129
GAATTG	97
GAATTT	110
GACAAA	52
GACAAC	12
GACAAG	21
GACAAT	33
GACACA	24
GACACC	11
GACACG	10
GACACT	13
GACAGA	26
GACAGC	15
GACAGG	18
GACAGT	15
GACATA	28
GACATC	27
GACATG	25
GACATT	28
GACCAA	53
GACCAC	10
GACCAG	13
GACCAT	29
GACCCA	39
GACCCC	29
GACCCG	19
GACCCT	30
GACCGA	27
GACCGC	9
GACCGG	9
GACCGT	8
GACCTA	25
GACCTC	19
GACCTG	19
GACCTT	35
GACGAA	37
GACGAC	5
GACGAG	12
GACGAT	27
GACGCA	7
GACGCC	8
GACGCG	4
GACGCT	11
GACGGA	16
GACGGC	4
GACGGG	16
GACGGT	12
GACGTA	13
GACGTC	5
GACGTG	12
GACGTT	18
GACTAA	26
GACTAC	14
GACTAG	12
GACTAT	22
GACTCA	25
GACTCC	22
GACTCG	19
GACTCT	22
GACTGA	18
GACTGC	15
GACTGG	19
GACTGT	10
GACTTA	22
GACTTC	26
GACTTG	30
GACTTT	38
GAGAAA	98
GAGAAC	21
GAGAAG	44
GAGAAT	64
GAGACA	39
GAGACC	14
GAGACG	8
GAGACT	19
GAGAGA	53
GAGAGC	19
GAGAGG	28
GAGAGT	22
GAGATA	73
GAGATC	53
GAGATG	43
GAGATT	67
GAGCAA	44
GAGCAC	18
GAGCAG	22
GAGCAT	25
GAGCCA	33
GAGCCC	19
GAGCCG	23
GAGCCT	21
GAGCGA	14
GAGCGC	7
GAGCGG	12
GAGCGT	10
GAGCTA	36
GAGCTC	23
GAGCTG	18
GAGCTT	24
GAGGAA	60
GAGGAC	16
GAGGAG	30
GAGGAT	38
GAGGCA	15
GAGGCC	14
GAGGCG	8
GAGGCT	13
GAGGGA	36
GAGGGC	10
GAGGGG	34
GAGGGT	17
GAGGTA	19
GAGGTC	23
GAGGTG	15
GAGGTT	36
GAGTAA	41
GAGTAC	28
GAGTAG	27
GAGTAT	38
GAGTCA	27
GAGTCC	20
GAGTCG	16
GAGTCT	24
GAGTGA	26
GAGTGC	10
GAGTGG	23
GAGTGT	7
GAGTTA	41
GAGTTC	38
GAGTTG	35
GAGTTT	52
GATAAA	107
GATAAC	36
GATAAG	59
GATAAT	65
GATACA	63
GATACC	34
GATACG	24
GATACT	48
GATAGA	85
GATAGC	19
GATAGG	36
GATAGT	36
GATATA	68
GATATC	56
GATATG	53
GATATT	91
GATCAA	100
GATCAC	21
GATCAG	37
GATCAT	66
GATCCA	86
GATCCC	43
GATCCG	43
GATCCT	66
GATCGA	52
GATCGC	15
GATCGG	27
GATCGT	32
GATCTA	77
GATCTC	50
GATCTG	33
GATCTT	85
GATGAA	78
GATGAC	18
GATGAG	33
GATGAT	60
GATGCA	26
GATGCC	17
GATGCG	13
GATGCT	24
GATGGA	55
GATGGC	22
GATGGG	28
GATGGT	28
GATGTA	46
GATGTC	18
GATGTG	19
GATGTT	29
GATTAA	55
GATTAC	27
GATTAG	48
GATTAT	62
GATTCA	142
GATTCC	86
GATTCG	63
GATTCT	81
GATTGA	72
GATTGC	21
GATTGG	61
GATTGT	29
GATTTA	67
GATTTC	101
GATTTG	62
GATTTT	140
GCAAAA	49
GCAAAC	19
GCAAAG	16
GCAAAT	44
GCAACA	26
GCAACC	11
GCAACG	9
GCAACT	18
GCAAGA	31
GCAAGC	11
GCAAGG	16
GCAAGT	19
GCAATA	49
GCAATC	25
GCAATG	28
GCAATT	52
GCACAA	13
GCACAC	7
GCACAG	8
GCACAT	13
GCACCA	16
GCACCC	13
GCACCG	8
GCACCT	19
GCACGA	11
GCACGC	6
GCACGG	9
GCACGT	11
GCACTA	14
GCACTC	14
GCACTG	8
GCACTT	23
GCAGAA	27
GCAGAC	6
GCAGAG	20
GCAGAT	22
GCAGCA	26
GCAGCC	9
GCAGCG	5
GCAGCT	19
GCAGGA	16
GCAGGC	12
GCAGGG	18
GCAGGT	19
GCAGTA	20
GCAGTC	13
GCAGTG	15
GCAGTT	30
GCATAA	30
GCATAC	18
GCATAG	17
GCATAT	43
GCATCA	26
GCATCC	16
GCATCG	9
GCATCT	40
GCATGA	24
GCATGC	14
GCATGG	22
GCATGT	20
GCATTA	29
GCATTC	19
GCATTG	30
GCATTT	54
GCCAAA	35
GCCAAC	15
GCCAAG	18
GCCAAT	35
GCCACA	20
GCCACC	9
GCCACG	4
GCCACT	18
GCCAGA	11
GCCAGC	4
GCCAGG	18
GCCAGT	7
GCCATA	31
GCCATC	22
GCCATG	22
GCCATT	31
GCCCAA	38
GCCCAC	13
GCCCAG	14
GCCCAT	25
GCCCCA	23
GCCCCC	22
GCCCCG	12
GCCCCT	28
GCCCGA	13
GCCCGC	8
GCCCGG	13
GCCCGT	14
GCCCTA	14
GCCCTC	15
GCCCTG	14
GCCCTT	35
GCCGAA	29
GCCGAC	11
GCCGAG	14
GCCGAT	15
GCCGCA	9
GCCGCC	7
GCCGCG	7
GCCGCT	8
GCCGGA	15
GCCGGC	6
GCCGGG	8
GCCGGT	10
GCCGTA	21
GCCGTC	3
GCCGTG	11
GCCGTT	12
GCCTAA	21
GCCTAC	10
GCCTAG	15
GCCTAT	29
GCCTCA	15
GCCTCC	18
GCCTCG	7
GCCTCT	23
GCCTGA	12
GCCTGC	10
GCCTGG	15
GCCTGT	16
GCCTTA	13
GCCTTC	20
GCCTTG	21
GCCTTT	27
GCGAAA	33
GCGAAC	14
GCGAAG	13
GCGAAT	26
GCGACA	9
GCGACC	8
GCGACG	5
GCGACT	6
GCGAGA	18
GCGAGC	9
GCGAGG	8
GCGAGT	11
GCGATA	13
GCGATC	14
GCGATG	6
GCGATT	19
GCGCAA	7
GCGCAC	1
GCGCAG	11
GCGCAT	7
GCGCCA	7
GCGCCC	9
GCGCCG	5
GCGCCT	10
GCGCGA	6
GCGCGC	6
GCGCGG	3
GCGCGT	5
GCGCTA	8
GCGCTC	13
GCGCTG	4
GCGCTT	13
GCGGAA	16
GCGGAC	7
GCGGAG	11
GCGGAT	25
GCGGCA	12
GCGGCC	3
GCGGCG	4
GCGGCT	14
GCGGGA	17
GCGGGC	7
GCGGGG	8
GCGGGT	13
GCGGTA	19
GCGGTC	11
GCGGTG	12
GCGGTT	15
GCGTAA	18
GCGTAC	4
GCGTAG	12
GCGTAT	15
GCGTCA	4
GCGTCC	10
GCGTCG	6
GCGTCT	10
GCGTGA	13
GCGTGC	7
GCGTGG	9
GCGTGT	8
GCGTTA	12
GCGTTC	15
GCGTTG	11
GCGTTT	14
GCTAAA	42
GCTAAC	19
GCTAAG	19
GCTAAT	28
GCTACA	35
GCTACC	18
GCTACG	12
GCTACT	35
GCTAGA	25
GCTAGC	9
GCTAGG	17
GCTAGT	19
GCTATA	30
GCTATC	19
GCTATG	20
GCTATT	47
GCTCAA	23
GCTCAC	8
GCTCAG	18
GCTCAT	30
GCTCCA	24
GCTCCC	24
GCTCCG	13
GCTCCT	29
GCTCGA	25
GCTCGC	7
GCTCGG	18
GCTCGT	19
GCTCTA	37
GCTCTC	22
GCTCTG	18
GCTCTT	40
GCTGAA	28
GCTGAC	11
GCTGAG	14
GCTGAT	15
GCTGCA	17
GCTGCC	8
GCTGCG	9
GCTGCT	31
GCTGGA	18
GCTGGC	4
GCTGGG	12
GCTGGT	17
GCTGTA	14
GCTGTC	14
GCTGTG	8
GCTGTT	26
GCTTAA	8
GCTTAC	18
GCTTAG	20
GCTTAT	29
GCTTCA	30
GCTTCC	26
GCTTCG	19
GCTTCT	49
GCTTGA	28
GCTTGC	12
GCTTGG	28
GCTTGT	29
GCTTTA	32
GCTTTC	43
GCTTTG	26
GCTTTT	62
GGAAAA	100
GGAAAC	34
GGAAAG	59
GGAAAT	73
GGAACA	51
GGAACC	33
GGAACG	23
GGAACT	41
GGAAGA	68
GGAAGC	22
GGAAGG	50
GGAAGT	36
GGAATA	95
GGAATC	69
GGAATG	46
GGAATT	91
GGACAA	30
GGACAC	10
GGACAG	17
GGACAT	20
GGACCA	21
GGACCC	22
GGACCG	17
GGACCT	30
GGACGA	15
GGACGC	8
GGACGG	9
GGACGT	12
GGACTA	16
GGACTC	18
GGACTG	12
GGACTT	21
GGAGAA	45
GGAGAC	15
GGAGAG	34
GGAGAT	35
GGAGCA	28
GGAGCC	19
GGAGCG	13
GGAGCT	19
GGAGGA	45
GGAGGC	11
GGAGGG	26
GGAGGT	27
GGAGTA	28
GGAGTC	16
GGAGTG	14
GGAGTT	42
GGATAA	60
GGATAC	31
GGATAG	41
GGATAT	51
GGATCA	61
GGATCC	54
GGATCG	41
GGATCT	75
GGATGA	46
GGATGC	20
GGATGG	36
GGATGT	28
GGATTA	52
GGATTC	93
GGATTG	47
GGATTT	109
GGCAAA	24
GGCAAC	10
GGCAAG	10
GGCAAT	27
GGCACA	9
GGCACC	10
GGCACG	6
GGCACT	11
GGCAGA	22
GGCAGC	10
GGCAGG	13
GGCAGT	15
GGCATA	24
GGCATC	20
GGCATG	21
GGCATT	34
GGCCAA	21
GGCCAC	4
GGCCAG	8
GGCCAT	21
GGCCCA	25
GGCCCC	11
GGCCCG	19
GGCCCT	17
GGCCGA	18
GGCCGC	4
GGCCGG	8
GGCCGT	10
GGCCTA	17
GGCCTC	15
GGCCTG	11
GGCCTT	25
GGCGAA	28
GGCGAC	10
GGCGAG	11
GGCGAT	15
GGCGCA	7
GGCGCC	7
GGCGCG	4
GGCGCT	9
GGCGGA	16
GGCGGC	8
GGCGGG	8
GGCGGT	14
GGCGTA	21
GGCGTC	7
GGCGTG	14
GGCGTT	9
GGCTAA	30
GGCTAC	17
GGCTAG	17
GGCTAT	26
GGCTCA	14
GGCTCC	20
GGCTCG	24
GGCTCT	30
GGCTGA	20
GGCTGC	12
GGCTGG	12
GGCTGT	20
GGCTTA	24
GGCTTC	19
GGCTTG	19
GGCTTT	39
GGGAAA	53
GGGAAC	17
GGGAAG	42
GGGAAT	54
GGGACA	23
GGGACC	19
GGGACG	6
GGGACT	13
GGGAGA	35
GGGAGC	22
GGGAGG	26
GGGAGT	25
GGGATA	38
GGGATC	54
GGGATG	31
GGGATT	46
GGGCAA	17
GGGCAC	10
GGGCAG	21
GGGCAT	27
GGGCCA	14
GGGCCC	13
GGGCCG	18
GGGCCT	27
GGGCGA	18
GGGCGC	6
GGGCGG	10
GGGCGT	15
GGGCTA	24
GGGCTC	21
GGGCTG	20
GGGCTT	27
GGGGAA	46
GGGGAC	10
GGGGAG	30
GGGGAT	40
GGGGCA	27
GGGGCC	13
GGGGCG	13
GGGGCT	30
GGGGGA	36
GGGGGC	19
GGGGGG	32
GGGGGT	22
GGGGTA	34
GGGGTC	26
GGGGTG	20
GGGGTT	38
GGGTAA	33
GGGTAC	9
GGGTAG	26
GGGTAT	34
GGGTCA	20
GGGTCC	19
GGGTCG	23
GGGTCT	28
GGGTGA	24
GGGTGC	15
GGGTGG	22
GGGTGT	17
GGGTTA	34
GGGTTC	41
GGGTTG	24
GGGTTT	45
GGTAAA	64
GGTAAC	17
GGTAAG	27
GGTAAT	37
GGTACA	23
GGTACC	14
GGTACG	10
GGTACT	27
GGTAGA	47
GGTAGC	12
GGTAGG	20
GGTAGT	21
GGTATA	50
GGTATC	34
GGTATG	26
GGTATT	62
GGTCAA	30
GGTCAC	9
GGTCAG	21
GGTCAT	18
GGTCCA	35
GGTCCC	19
GGTCCG	26
GGTCCT	30
GGTCGA	16
GGTCGC	11
GGTCGG	16
GGTCGT	18
GGTCTA	27
GGTCTC	15
GGTCTG	28
GGTCTT	39
GGTGAA	33
GGTGAC	10
GGTGAG	12
GGTGAT	22
GGTGCA	15
GGTGCC	13
GGTGCG	7
GGTGCT	26
GGTGGA	38
GGTGGC	8
GGTGGG	21
GGTGGT	15
GGTGTA	19
GGTGTC	13
GGTGTG	17
GGTGTT	17
GGTTAA	36
GGTTAC	19
GGTTAG	20
GGTTAT	44
GGTTCA	63
GGTTCC	33
GGTTCG	34
GGTTCT	42
GGTTGA	38
GGTTGC	13
GGTTGG	22
GGTTGT	21
GGTTTA	37
GGTTTC	38
GGTTTG	40
GGTTTT	65
GTAAAA	79
GTAAAC	38
GTAAAG	46
GTAAAT	63
GTAACA	26
GTAACC	23
GTAACG	20
GTAACT	36
GTAAGA	45
GTAAGC	17
GTAAGG	21
GTAAGT	23
GTAATA	51
GTAATC	38
GTAATG	41
GTAATT	58
GTACAA	34
GTACAC	8
GTACAG	19
GTACAT	42
GTACCA	31
GTACCC	26
GTACCG	10
GTACCT	29
GTACGA	21
GTACGC	4
GTACGG	15
GTACGT	11
GTACTA	24
GTACTC	14
GTACTG	15
GTACTT	33
GTAGAA	48
GTAGAC	17
GTAGAG	40
GTAGAT	47
GTAGCA	36
GTAGCC	12
GTAGCG	7
GTAGCT	32
GTAGGA	34
GTAGGC	10
GTAGGG	21
GTAGGT	31
GTAGTA	37
GTAGTC	11
GTAGTG	22
GTAGTT	30
GTATAA	41
GTATAC	30
GTATAG	39
GTATAT	55
GTATCA	45
GTATCC	35
GTATCG	33
GTATCT	49
GTATGA	38
GTATGC	11
GTATGG	50
GTATGT	16
GTATTA	36
GTATTC	47
GTATTG	46
GTATTT	111
GTCAAA	44
GTCAAC	19
GTCAAG	28
GTCAAT	45
GTCACA	13
GTCACC	16
GTCACG	5
GTCACT	21
GTCAGA	21
GTCAGC	8
GTCAGG	11
GTCAGT	14
GTCATA	22
GTCATC	17
GTCATG	10
GTCATT	36
GTCCAA	45
GTCCAC	12
GTCCAG	18
GTCCAT	40
GTCCCA	27
GTCCCC	16
GTCCCG	13
GTCCCT	18
GTCCGA	28
GTCCGC	12
GTCCGG	12
GTCCGT	12
GTCCTA	23
GTCCTC	18
GTCCTG	16
GTCCTT	29
GTCGAA	34
GTCGAC	10
GTCGAG	15
GTCGAT	29
GTCGCA	16
GTCGCC	13
GTCGCG	6
GTCGCT	9
GTCGGA	22
GTCGGC	11
GTCGGG	8
GTCGGT	14
GTCGTA	12
GTCGTC	7
GTCGTG	14
GTCGTT	21
GTCTAA	26
GTCTAC	15
GTCTAG	12
GTCTAT	38
GTCTCA	21
GTCTCC	10
GTCTCG	19
GTCTCT	36
GTCTGA	22
GTCTGC	13
GTCTGG	18
GTCTGT	27
GTCTTA	25
GTCTTC	29
GTCTTG	19
GTCTTT	53
GTGAAA	69
GTGAAC	21
GTGAAG	26
GTGAAT	46
GTGACA	16
GTGACC	9
GTGACG	13
GTGACT	16
GTGAGA	22
GTGAGC	9
GTGAGG	20
GTGAGT	17
GTGATA	33
GTGATC	31
GTGATG	24
GTGATT	40
GTGCAA	20
GTGCAC	3
GTGCAG	14
GTGCAT	18
GTGCCA	13
GTGCCC	10
GTGCCG	7
GTGCCT	13
GTGCGA	6
GTGCGC	4
GTGCGG	10
GTGCGT	7
GTGCTA	22
GTGCTC	23
GTGCTG	12
GTGCTT	28
GTGGAA	49
GTGGAC	21
GTGGAG	21
GTGGAT	47
GTGGCA	11
GTGGCC	6
GTGGCG	9
GTGGCT	16
GTGGGA	19
GTGGGC	12
GTGGGG	15
GTGGGT	21
GTGGTA	25
GTGGTC	11
GTGGTG	20
GTGGTT	23
GTGTAA	26
GTGTAC	16
GTGTAG	14
GTGTAT	26
GTGTCA	23
GTGTCC	16
GTGTCG	14
GTGTCT	17
GTGTGA	28
GTGTGC	7
GTGTGG	18
GTGTGT	12
GTGTTA	10
GTGTTC	14
GTGTTG	18
GTGTTT	31
GTTAAA	28
GTTAAC	15
GTTAAG	26
GTTAAT	52
GTTACA	41
GTTACC	11
GTTACG	17
GTTACT	40
GTTAGA	34
GTTAGC	17
GTTAGG	15
GTTAGT	17
GTTATA	30
GTTATC	36
GTTATG	39
GTTATT	78
GTTCAA	77
GTTCAC	22
GTTCAG	25
GTTCAT	67
GTTCCA	58
GTTCCC	19
GTTCCG	35
GTTCCT	72
GTTCGA	52
GTTCGC	12
GTTCGG	26
GTTCGT	20
GTTCTA	48
GTTCTC	26
GTTCTG	33
GTTCTT	73
GTTGAA	56
GTTGAC	24
GTTGAG	33
GTTGAT	52
GTTGCA	19
GTTGCC	10
GTTGCG	13
GTTGCT	27
GTTGGA	41
GTTGGC	11
GTTGGG	22
GTTGGT	37
GTTGTA	32
GTTGTC	15
GTTGTG	23
GTTGTT	55
GTTTAA	26
GTTTAC	25
GTTTAG	29
GTTTAT	47
GTTTCA	55
GTTTCC	40
GTTTCG	28
GTTTCT	66
GTTTGA	55
GTTTGC	19
GTTTGG	30
GTTTGT	29
GTTTTA	47
GTTTTC	55
GTTTTG	51
GTTTTT	110
TAAAAA	184
TAAAAC	38
TAAAAG	81
TAAAAT	118
TAAACA	43
TAAACC	44
TAAACG	24
TAAACT	42
TAAAGA	83
TAAAGC	38
TAAAGG	40
TAAAGT	42
TAAATA	119
TAAATC	74
TAAATG	77
TAAATT	83
TAACAA	52
TAACAC	13
TAACAG	26
TAACAT	51
TAACCA	55
TAACCC	38
TAACCG	22
TAACCT	18
TAACGA	28
TAACGC	14
TAACGG	17
TAACGT	11
TAACTA	50
TAACTC	45
TAACTG	24
TAACTT	43
TAAGAA	117
TAAGAC	27
TAAGAG	42
TAAGAT	62
TAAGCA	27
TAAGCC	23
TAAGCG	16
TAAGCT	24
TAAGGA	34
TAAGGC	22
TAAGGG	27
TAAGGT	23
TAAGTA	47
TAAGTC	29
TAAGTG	31
TAAGTT	37
TAATAA	96
TAATAC	46
TAATAG	73
TAATAT	74
TAATCA	49
TAATCC	69
TAATCG	48
TAATCT	57
TAATGA	88
TAATGC	33
TAATGG	46
TAATGT	36
TAATTA	73
TAATTC	94
TAATTG	98
TAATTT	109
TACAAA	76
TACAAC	31
TACAAG	43
TACAAT	63
TACACA	26
TACACC	19
TACACG	16
TACACT	18
TACAGA	44
TACAGC	17
TACAGG	25
TACAGT	21
TACATA	84
TACATC	47
TACATG	38
TACATT	47
TACCAA	63
TACCAC	23
TACCAG	20
TACCAT	52
TACCCA	35
TACCCC	34
TACCCG	15
TACCCT	27
TACCGA	26
TACCGC	12
TACCGG	18
TACCGT	19
TACCTA	38
TACCTC	33
TACCTG	26
TACCTT	37
TACGAA	55
TACGAC	19
TACGAG	18
TACGAT	26
TACGCA	9
TACGCC	21
TACGCG	6
TACGCT	10
TACGGA	25
TACGGC	25
TACGGG	21
TACGGT	19
TACGTA	24
TACGTC	21
TACGTG	11
TACGTT	19
TACTAA	63
TACTAC	30
TACTAG	31
TACTAT	58
TACTCA	33
TACTCC	31
TACTCG	18
TACTCT	39
TACTGA	33
TACTGC	28
TACTGG	18
TACTGT	21
TACTTA	45
TACTTC	78
TACTTG	42
TACTTT	58
TAGAAA	143
TAGAAC	59
TAGAAG	59
TAGAAT	111
TAGACA	32
TAGACC	29
TAGACG	20
TAGACT	23
TAGAGA	61
TAGAGC	32
TAGAGG	28
TAGAGT	41
TAGATA	98
TAGATC	65
TAGATG	42
TAGATT	74
TAGCAA	39
TAGCAC	18
TAGCAG	36
TAGCAT	33
TAGCCA	28
TAGCCC	25
TAGCCG	15
TAGCCT	13
TAGCGA	16
TAGCGC	4
TAGCGG	18
TAGCGT	6
TAGCTA	42
TAGCTC	31
TAGCTG	24
TAGCTT	32
TAGGAA	69
TAGGAC	20
TAGGAG	28
TAGGAT	68
TAGGCA	21
TAGGCC	17
TAGGCG	10
TAGGCT	16
TAGGGA	31
TAGGGC	20
TAGGGG	28
TAGGGT	25
TAGGTA	46
TAGGTC	31
TAGGTG	18
TAGGTT	40
TAGTAA	60
TAGTAC	20
TAGTAG	38
TAGTAT	63
TAGTCA	24
TAGTCC	23
TAGTCG	17
TAGTCT	28
TAGTGA	51
TAGTGC	16
TAGTGG	24
TAGTGT	31
TAGTTA	63
TAGTTC	46
TAGTTG	43
TAGTTT	43
TATAAA	97
TATAAC	48
TATAAG	45
TATAAT	81
TATACA	58
TATACC	36
TATACG	26
TATACT	33
TATAGA	83
TATAGC	28
TATAGG	37
TATAGT	52
TATATA	115
TATATC	70
TATATG	66
TATATT	86
TATCAA	100
TATCAC	32
TATCAG	36
TATCAT	83
TATCCA	69
TATCCC	42
TATCCG	28
TATCCT	45
TATCGA	50
TATCGC	11
TATCGG	29
TATCGT	32
TATCTA	86
TATCTC	69
TATCTG	51
TATCTT	106
TATGAA	97
TATGAC	26
TATGAG	42
TATGAT	84
TATGCA	26
TATGCC	22
TATGCG	11
TATGCT	24
TATGGA	79
TATGGC	18
TATGGG	43
TATGGT	32
TATGTA	48
TATGTC	20
TATGTG	29
TATGTT	40
TATTAA	76
TATTAC	50
TATTAG	58
TATTAT	97
TATTCA	107
TATTCC	89
TATTCG	49
TATTCT	107
TATTGA	103
TATTGC	34
TATTGG	73
TATTGT	62
TATTTA	111
TATTTC	174
TATTTG	112
TATTTT	230
TCAAAA	156
TCAAAC	55
TCAAAG	59
TCAAAT	150
TCAACA	46
TCAACC	33
TCAACG	24
TCAACT	42
TCAAGA	72
TCAAGC	20
TCAAGG	27
TCAAGT	49
TCAATA	112
TCAATC	77
TCAATG	67
TCAATT	148
TCACAA	39
TCACAC	26
TCACAG	18
TCACAT	51
TCACCA	24
TCACCC	29
TCACCG	11
TCACCT	21
TCACGA	22
TCACGC	7
TCACGG	15
TCACGT	15
TCACTA	38
TCACTC	27
TCACTG	29
TCACTT	44
TCAGAA	69
TCAGAC	15
TCAGAG	35
TCAGAT	43
TCAGCA	30
TCAGCC	26
TCAGCG	7
TCAGCT	9
TCAGGA	30
TCAGGC	14
TCAGGG	20
TCAGGT	18
TCAGTA	27
TCAGTC	18
TCAGTG	21
TCAGTT	38
TCATAA	77
TCATAC	45
TCATAG	50
TCATAT	95
TCATCA	59
TCATCC	46
TCATCG	28
TCATCT	49
TCATGA	57
TCATGC	21
TCATGG	49
TCATGT	34
TCATTA	93
TCATTC	91
TCATTG	61
TCATTT	153
TCCAAA	100
TCCAAC	43
TCCAAG	55
TCCAAT	122
TCCACA	43
TCCACC	31
TCCACG	21
TCCACT	47
TCCAGA	41
TCCAGC	23
TCCAGG	36
TCCAGT	41
TCCATA	90
TCCATC	54
TCCATG	52
TCCATT	131
TCCCAA	61
TCCCAC	22
TCCCAG	21
TCCCAT	67
TCCCCA	50
TCCCCC	35
TCCCCG	16
TCCCCT	39
TCCCGA	43
TCCCGC	13
TCCCGG	28
TCCCGT	22
TCCCTA	34
TCCCTC	43
TCCCTG	18
TCCCTT	68
TCCGAA	47
TCCGAC	20
TCCGAG	29
TCCGAT	46
TCCGCA	22
TCCGCC	26
TCCGCG	10
TCCGCT	24
TCCGGA	25
TCCGGC	21
TCCGGG	27
TCCGGT	22
TCCGTA	25
TCCGTC	19
TCCGTG	17
TCCGTT	46
TCCTAA	52
TCCTAC	40
TCCTAG	34
TCCTAT	89
TCCTCA	30
TCCTCC	46
TCCTCG	36
TCCTCT	63
TCCTGA	47
TCCTGC	26
TCCTGG	33
TCCTGT	42
TCCTTA	50
TCCTTC	65
TCCTTG	59
TCCTTT	124
TCGAAA	76
TCGAAC	55
TCGAAG	49
TCGAAT	110
TCGACA	21
TCGACC	26
TCGACG	19
TCGACT	27
TCGAGA	52
TCGAGC	25
TCGAGG	14
TCGAGT	28
TCGATA	58
TCGATC	59
TCGATG	35
TCGATT	91
TCGCAA	19
TCGCAC	12
TCGCAG	9
TCGCAT	16
TCGCCA	22
TCGCCC	21
TCGCCG	7
TCGCCT	16
TCGCGA	13
TCGCGC	8
TCGCGG	18
TCGCGT	8
TCGCTA	14
TCGCTC	22
TCGCTG	10
TCGCTT	20
TCGGAA	53
TCGGAC	23
TCGGAG	20
TCGGAT	46
TCGGCA	16
TCGGCC	15
TCGGCG	8
TCGGCT	20
TCGGGA	33
TCGGGC	13
TCGGGG	28
TCGGGT	23
TCGGTA	27
TCGGTC	26
TCGGTG	16
TCGGTT	39
TCGTAA	41
TCGTAC	23
TCGTAG	27
TCGTAT	47
TCGTCA	21
TCGTCC	23
TCGTCG	20
TCGTCT	15
TCGTGA	26
TCGTGC	14
TCGTGG	15
TCGTGT	22
TCGTTA	25
TCGTTC	36
TCGTTG	33
TCGTTT	52
TCTAAA	65
TCTAAC	38
TCTAAG	40
TCTAAT	85
TCTACA	36
TCTACC	51
TCTACG	24
TCTACT	43
TCTAGA	45
TCTAGC	19
TCTAGG	37
TCTAGT	43
TCTATA	91
TCTATC	85
TCTATG	46
TCTATT	153
TCTCAA	61
TCTCAC	24
TCTCAG	27
TCTCAT	64
TCTCCA	42
TCTCCC	42
TCTCCG	28
TCTCCT	43
TCTCGA	58
TCTCGC	21
TCTCGG	28
TCTCGT	24
TCTCTA	47
TCTCTC	62
TCTCTG	32
TCTCTT	121
TCTGAA	62
TCTGAC	29
TCTGAG	32
TCTGAT	64
TCTGCA	25
TCTGCC	29
TCTGCG	10
TCTGCT	39
TCTGGA	47
TCTGGC	19
TCTGGG	28
TCTGGT	40
TCTGTA	42
TCTGTC	33
TCTGTG	23
TCTGTT	63
TCTTAA	55
TCTTAC	45
TCTTAG	46
TCTTAT	78
TCTTCA	66
TCTTCC	80
TCTTCG	44
TCTTCT	116
TCTTGA	89
TCTTGC	29
TCTTGG	50
TCTTGT	75
TCTTTA	84
TCTTTC	169
TCTTTG	96
TCTTTT	262
TGAAAA	129
TGAAAC	63
TGAAAG	87
TGAAAT	127
TGAACA	52
TGAACC	58
TGAACG	17
TGAACT	63
TGAAGA	68
TGAAGC	29
TGAAGG	24
TGAAGT	47
TGAATA	114
TGAATC	119
TGAATG	58
TGAATT	126
TGACAA	28
TGACAC	16
TGACAG	19
TGACAT	32
TGACCA	40
TGACCC	34
TGACCG	12
TGACCT	30
TGACGA	23
TGACGC	4
TGACGG	14
TGACGT	15
TGACTA	27
TGACTC	30
TGACTG	29
TGACTT	42
TGAGAA	60
TGAGAC	24
TGAGAG	30
TGAGAT	64
TGAGCA	38
TGAGCC	24
TGAGCG	9
TGAGCT	30
TGAGGA	36
TGAGGC	16
TGAGGG	18
TGAGGT	23
TGAGTA	39
TGAGTC	25
TGAGTG	19
TGAGTT	51
TGATAA	89
TGATAC	46
TGATAG	49
TGATAT	79
TGATCA	74
TGATCC	73
TGATCG	30
TGATCT	56
TGATGA	67
TGATGC	22
TGATGG	32
TGATGT	29
TGATTA	57
TGATTC	117
TGATTG	75
TGATTT	110
TGCAAA	41
TGCAAC	16
TGCAAG	27
TGCAAT	45
TGCACA	10
TGCACC	19
TGCACG	8
TGCACT	14
TGCAGA	24
TGCAGC	14
TGCAGG	8
TGCAGT	21
TGCATA	39
TGCATC	31
TGCATG	23
TGCATT	39
TGCCAA	28
TGCCAC	12
TGCCAG	8
TGCCAT	33
TGCCCA	23
TGCCCC	25
TGCCCG	12
TGCCCT	20
TGCCGA	15
TGCCGC	12
TGCCGG	8
TGCCGT	9
TGCCTA	20
TGCCTC	19
TGCCTG	15
TGCCTT	25
TGCGAA	23
TGCGAC	2
TGCGAG	10
TGCGAT	11
TGCGCA	9
TGCGCC	13
TGCGCG	7
TGCGCT	12
TGCGGA	18
TGCGGC	5
TGCGGG	14
TGCGGT	13
TGCGTA	9
TGCGTC	9
TGCGTG	7
TGCGTT	15
TGCTAA	31
TGCTAC	37
TGCTAG	23
TGCTAT	30
TGCTCA	23
TGCTCC	25
TGCTCG	17
TGCTCT	33
TGCTGA	21
TGCTGC	21
TGCTGG	12
TGCTGT	19
TGCTTA	22
TGCTTC	49
TGCTTG	41
TGCTTT	67
TGGAAA	89
TGGAAC	48
TGGAAG	56
TGGAAT	123
TGGACA	28
TGGACC	29
TGGACG	18
TGGACT	21
TGGAGA	41
TGGAGC	16
TGGAGG	21
TGGAGT	39
TGGATA	80
TGGATC	78
TGGATG	49
TGGATT	112
TGGCAA	15
TGGCAC	9
TGGCAG	17
TGGCAT	32
TGGCCA	20
TGGCCC	19
TGGCCG	11
TGGCCT	11
TGGCGA	18
TGGCGC	6
TGGCGG	9
TGGCGT	13
TGGCTA	31
TGGCTC	30
TGGCTG	21
TGGCTT	32
TGGGAA	34
TGGGAC	23
TGGGAG	32
TGGGAT	49
TGGGCA	20
TGGGCC	21
TGGGCG	14
TGGGCT	31
TGGGGA	34
TGGGGC	19
TGGGGG	23
TGGGGT	40
TGGGTA	30
TGGGTC	25
TGGGTG	30
TGGGTT	46
TGGTAA	51
TGGTAC	23
TGGTAG	32
TGGTAT	58
TGGTCA	23
TGGTCC	38
TGGTCG	16
TGGTCT	28
TGGTGA	26
TGGTGC	18
TGGTGG	24
TGGTGT	22
TGGTTA	50
TGGTTC	56
TGGTTG	32
TGGTTT	56
TGTAAA	68
TGTAAC	35
TGTAAG	18
TGTAAT	45
TGTACA	37
TGTACC	27
TGTACG	15
TGTACT	18
TGTAGA	36
TGTAGC	26
TGTAGG	33
TGTAGT	20
TGTATA	54
TGTATC	53
TGTATG	42
TGTATT	68
TGTCAA	44
TGTCAC	15
TGTCAG	10
TGTCAT	25
TGTCCA	35
TGTCCC	21
TGTCCG	15
TGTCCT	22
TGTCGA	19
TGTCGC	9
TGTCGG	15
TGTCGT	9
TGTCTA	39
TGTCTC	32
TGTCTG	24
TGTCTT	41
TGTGAA	51
TGTGAC	11
TGTGAG	15
TGTGAT	41
TGTGCA	13
TGTGCC	15
TGTGCG	8
TGTGCT	18
TGTGGA	31
TGTGGC	13
TGTGGG	18
TGTGGT	23
TGTGTA	30
TGTGTC	25
TGTGTG	13
TGTGTT	23
TGTTAA	37
TGTTAC	30
TGTTAG	15
TGTTAT	62
TGTTCA	51
TGTTCC	75
TGTTCG	31
TGTTCT	50
TGTTGA	53
TGTTGC	21
TGTTGG	33
TGTTGT	46
TGTTTA	36
TGTTTC	67
TGTTTG	38
TGTTTT	84
TTAAAA	71
TTAAAC	31
TTAAAG	39
TTAAAT	72
TTAACA	39
TTAACC	38
TTAACG	16
TTAACT	33
TTAAGA	54
TTAAGC	15
TTAAGG	18
TTAAGT	22
TTAATA	76
TTAATC	66
TTAATG	41
TTAATT	112
TTACAA	60
TTACAC	17
TTACAG	23
TTACAT	53
TTACCA	41
TTACCC	28
TTACCG	15
TTACCT	35
TTACGA	25
TTACGC	17
TTACGG	26
TTACGT	22
TTACTA	72
TTACTC	42
TTACTG	28
TTACTT	78
TTAGAA	93
TTAGAC	29
TTAGAG	30
TTAGAT	69
TTAGCA	28
TTAGCC	24
TTAGCG	13
TTAGCT	30
TTAGGA	39
TTAGGC	15
TTAGGG	19
TTAGGT	34
TTAGTA	49
TTAGTC	35
TTAGTG	32
TTAGTT	60
TTATAA	57
TTATAC	32
TTATAG	49
TTATAT	78
TTATCA	85
TTATCC	57
TTATCG	29
TTATCT	83
TTATGA	72
TTATGC	33
TTATGG	42
TTATGT	44
TTATTA	103
TTATTC	113
TTATTG	83
TTATTT	203
TTCAAA	157
TTCAAC	54
TTCAAG	75
TTCAAT	142
TTCACA	57
TTCACC	36
TTCACG	27
TTCACT	48
TTCAGA	59
TTCAGC	23
TTCAGG	35
TTCAGT	34
TTCATA	115
TTCATC	83
TTCATG	78
TTCATT	192
TTCCAA	129
TTCCAC	54
TTCCAG	49
TTCCAT	143
TTCCCA	49
TTCCCC	46
TTCCCG	43
TTCCCT	57
TTCCGA	47
TTCCGC	26
TTCCGG	39
TTCCGT	42
TTCCTA	84
TTCCTC	83
TTCCTG	56
TTCCTT	134
TTCGAA	107
TTCGAC	32
TTCGAG	44
TTCGAT	97
TTCGCA	18
TTCGCC	23
TTCGCG	17
TTCGCT	23
TTCGGA	50
TTCGGC	23
TTCGGG	43
TTCGGT	35
TTCGTA	58
TTCGTC	36
TTCGTG	25
TTCGTT	66
TTCTAA	96
TTCTAC	59
TTCTAG	68
TTCTAT	144
TTCTCA	64
TTCTCC	63
TTCTCG	56
TTCTCT	97
TTCTGA	71
TTCTGC	44
TTCTGG	51
TTCTGT	73
TTCTTA	102
TTCTTC	149
TTCTTG	108
TTCTTT	274
TTGAAA	145
TTGAAC	71
TTGAAG	56
TTGAAT	161
TTGACA	36
TTGACC	58
TTGACG	22
TTGACT	52
TTGAGA	58
TTGAGC	34
TTGAGG	27
TTGAGT	52
TTGATA	106
TTGATC	97
TTGATG	54
TTGATT	172
TTGCAA	43
TTGCAC	17
TTGCAG	16
TTGCAT	42
TTGCCA	25
TTGCCC	23
TTGCCG	14
TTGCCT	19
TTGCGA	18
TTGCGC	14
TTGCGG	19
TTGCGT	9
TTGCTA	30
TTGCTC	35
TTGCTG	28
TTGCTT	61
TTGGAA	106
TTGGAC	28
TTGGAG	41
TTGGAT	106
TTGGCA	27
TTGGCC	21
TTGGCG	17
TTGGCT	49
TTGGGA	49
TTGGGC	33
TTGGGG	41
TTGGGT	45
TTGGTA	69
TTGGTC	40
TTGGTG	34
TTGGTT	92
TTGTAA	60
TTGTAC	39
TTGTAG	41
TTGTAT	88
TTGTCA	34
TTGTCC	35
TTGTCG	18
TTGTCT	55
TTGTGA	39
TTGTGC	22
TTGTGG	29
TTGTGT	35
TTGTTA	67
TTGTTC	107
TTGTTG	78
TTGTTT	110
TTTAAA	70
TTTAAC	40
TTTAAG	29
TTTAAT	80
TTTACA	53
TTTACC	47
TTTACG	30
TTTACT	69
TTTAGA	63
TTTAGC	30
TTTAGG	40
TTTAGT	54
TTTATA	81
TTTATC	106
TTTATG	64
TTTATT	198
TTTCAA	137
TTTCAC	56
TTTCAG	56
TTTCAT	173
TTTCCA	120
TTTCCC	76
TTTCCG	49
TTTCCT	91
TTTCGA	86
TTTCGC	34
TTTCGG	52
TTTCGT	77
TTTCTA	158
TTTCTC	123
TTTCTG	80
TTTCTT	254
TTTGAA	149
TTTGAC	56
TTTGAG	60
TTTGAT	172
TTTGCA	40
TTTGCC	31
TTTGCG	10
TTTGCT	53
TTTGGA	85
TTTGGC	38
TTTGGG	48
TTTGGT	74
TTTGTA	82
TTTGTC	70
TTTGTG	48
TTTGTT	132
TTTTAA	74
TTTTAC	78
TTTTAG	79
TTTTAT	175
TTTTCA	128
TTTTCC	126
TTTTCG	82
TTTTCT	220
TTTTGA	177
TTTTGC	50
TTTTGG	102
TTTTGT	157
TTTTTA	191
TTTTTC	255
TTTTTG	209
TTTTTT	624
