AAAAAA	533
AAAAAC	107
AAAAAG	224
AAAAAT	258
AAAACA	78
AAAACC	67
AAAACG	35
AAAACT	69
AAAAGA	220
AAAAGC	68
AAAAGG	115
AAAAGT	87
AAAATA	221
AAAATC	132
AAAATG	130
AAAATT	151
AAACAA	116
AAACAC	27
AAACAG	39
AAACAT	58
AAACCA	71
AAACCC	52
AAACCG	20
AAACCT	48
AAACGA	46
AAACGC	19
AAACGG	29
AAACGT	16
AAACTA	50
AAACTC	45
AAACTG	31
AAACTT	70
AAAGAA	234
AAAGAC	60
AAAGAG	97
AAAGAT	140
AAAGCA	48
AAAGCC	39
AAAGCG	36
AAAGCT	36
AAAGGA	134
AAAGGC	29
AAAGGG	67
AAAGGT	52
AAAGTA	63
AAAGTC	36
AAAGTG	44
AAAGTT	73
AAATAA	192
AAATAC	100
AAATAG	148
AAATAT	170
AAATCA	116
AAATCC	106
AAATCG	54
AAATCT	91
AAATGA	156
AAATGC	44
AAATGG	101
AAATGT	52
AAATTA	78
AAATTC	142
AAATTG	114
AAATTT	119
AACAAA	117
AACAAC	42
AACAAG	77
AACAAT	73
AACACA	24
AACACC	18
AACACG	9
AACACT	16
AACAGA	47
AACAGC	23
AACAGG	33
AACAGT	29
AACATA	77
AACATC	29
AACATG	32
AACATT	44
AACCAA	104
AACCAC	32
AACCAG	24
AACCAT	62
AACCCA	54
AACCCC	44
AACCCG	29
AACCCT	46
AACCGA	34
AACCGC	12
AACCGG	27
AACCGT	21
AACCTA	37
AACCTC	28
AACCTG	23
AACCTT	43
AACGAA	62
AACGAC	21
AACGAG	27
AACGAT	30
AACGCA	18
AACGCC	15
AACGCG	12
AACGCT	18
AACGGA	36
AACGGC	13
AACGGG	21
AACGGT	12
AACGTA	20
AACGTC	12
AACGTG	9
AACGTT	17
AACTAA	66
AACTAC	29
AACTAG	40
AACTAT	52
AACTCA	53
AACTCC	40
AACTCG	20
AACTCT	52
AACTGA	39
AACTGC	23
AACTGG	26
AACTGT	25
AACTTA	40
AACTTC	58
AACTTG	48
AACTTT	66
AAGAAA	251
AAGAAC	70
AAGAAG	114
AAGAAT	140
AAGACA	42
AAGACC	33
AAGACG	25
AAGACT	39
AAGAGA	90
AAGAGC	33
AAGAGG	53
AAGAGT	50
AAGATA	89
AAGATC	95
AAGATG	47
AAGATT	91
AAGCAA	54
AAGCAC	25
AAGCAG	32
AAGCAT	44
AAGCCA	29
AAGCCC	26
AAGCCG	18
AAGCCT	23
AAGCGA	28
AAGCGC	11
AAGCGG	23
AAGCGT	24
AAGCTA	32
AAGCTC	32
AAGCTG	19
AAGCTT	34
AAGGAA	106
AAGGAC	20
AAGGAG	40
AAGGAT	87
AAGGCA	25
AAGGCC	23
AAGGCG	21
AAGGCT	19
AAGGGA	56
AAGGGC	30
AAGGGG	58
AAGGGT	37
AAGGTA	51
AAGGTC	28
AAGGTG	19
AAGGTT	36
AAGTAA	86
AAGTAC	40
AAGTAG	54
AAGTAT	58
AAGTCA	25
AAGTCC	25
AAGTCG	34
AAGTCT	31
AAGTGA	41
AAGTGC	21
AAGTGG	46
AAGTGT	24
AAGTTA	36
AAGTTC	65
AAGTTG	45
AAGTTT	66
AATAAA	194
AATAAC	70
AATAAG	100
AATAAT	154
AATACA	75
AATACC	56
AATACG	38
AATACT	70
AATAGA	170
AATAGC	56
AATAGG	83
AATAGT	71
AATATA	100
AATATC	98
AATATG	61
AATATT	159
AATCAA	157
AATCAC	54
AATCAG	44
AATCAT	100
AATCCA	109
AATCCC	72
AATCCG	46
AATCCT	97
AATCGA	88
AATCGC	19
AATCGG	41
AATCGT	42
AATCTA	73
AATCTC	54
AATCTG	36
AATCTT	91
AATGAA	171
AATGAC	36
AATGAG	59
AATGAT	123
AATGCA	44
AATGCC	36
AATGCG	21
AATGCT	33
AATGGA	118
AATGGC	25
AATGGG	59
AATGGT	54
AATGTA	50
AATGTC	24
AATGTG	32
AATGTT	37
AATTAA	79
AATTAC	52
AATTAG	74
AATTAT	103
AATTCA	130
AATTCC	115
AATTCG	76
AATTCT	170
AATTGA	152
AATTGC	51
AATTGG	97
AATTGT	88
AATTTA	73
AATTTC	139
AATTTG	91
AATTTT	145
ACAAAA	125
ACAAAC	36
ACAAAG	49
ACAAAT	81
ACAACA	30
ACAACC	26
ACAACG	19
ACAACT	29
ACAAGA	63
ACAAGC	28
ACAAGG	30
ACAAGT	48
ACAATA	51
ACAATC	33
ACAATG	36
ACAATT	82
ACACAA	32
ACACAC	9
ACACAG	15
ACACAT	33
ACACCA	30
ACACCC	9
ACACCG	8
ACACCT	13
ACACGA	15
ACACGC	6
ACACGG	11
ACACGT	14
ACACTA	19
ACACTC	14
ACACTG	11
ACACTT	23
ACAGAA	62
ACAGAC	14
ACAGAG	22
ACAGAT	34
ACAGCA	20
ACAGCC	17
ACAGCG	12
ACAGCT	20
ACAGGA	32
ACAGGC	18
ACAGGG	14
ACAGGT	30
ACAGTA	18
ACAGTC	13
ACAGTG	16
ACAGTT	26
ACATAA	62
ACATAC	32
ACATAG	50
ACATAT	79
ACATCA	30
ACATCC	36
ACATCG	19
ACATCT	45
ACATGA	38
ACATGC	18
ACATGG	23
ACATGT	30
ACATTA	33
ACATTC	39
ACATTG	40
ACATTT	56
ACCAAA	85
ACCAAC	48
ACCAAG	49
ACCAAT	76
ACCACA	22
ACCACC	22
ACCACG	14
ACCACT	21
ACCAGA	33
ACCAGC	13
ACCAGG	12
ACCAGT	14
ACCATA	52
ACCATC	33
ACCATG	28
ACCATT	46
ACCCAA	53
ACCCAC	18
ACCCAG	29
ACCCAT	54
ACCCCA	27
ACCCCC	48
ACCCCG	17
ACCCCT	40
ACCCGA	22
ACCCGC	18
ACCCGG	9
ACCCGT	25
ACCCTA	31
ACCCTC	23
ACCCTG	22
ACCCTT	45
ACCGAA	32
ACCGAC	10
ACCGAG	19
ACCGAT	33
ACCGCA	8
ACCGCC	12
ACCGCG	5
ACCGCT	21
ACCGGA	25
ACCGGC	7
ACCGGG	16
ACCGGT	18
ACCGTA	22
ACCGTC	10
ACCGTG	12
ACCGTT	12
ACCTAA	31
ACCTAC	24
ACCTAG	23
ACCTAT	47
ACCTCA	15
ACCTCC	25
ACCTCG	20
ACCTCT	36
ACCTGA	25
ACCTGC	11
ACCTGG	19
ACCTGT	23
ACCTTA	21
ACCTTC	31
ACCTTG	26
ACCTTT	61
ACGAAA	66
ACGAAC	25
ACGAAG	31
ACGAAT	60
ACGACA	12
ACGACC	18
ACGACG	15
ACGACT	14
ACGAGA	25
ACGAGC	15
ACGAGG	10
ACGAGT	16
ACGATA	26
ACGATC	21
ACGATG	16
ACGATT	37
ACGCAA	13
ACGCAC	11
ACGCAG	5
ACGCAT	13
ACGCCA	10
ACGCCC	19
ACGCCG	7
ACGCCT	14
ACGCGA	7
ACGCGC	5
ACGCGG	7
ACGCGT	9
ACGCTA	6
ACGCTC	14
ACGCTG	8
ACGCTT	21
ACGGAA	33
ACGGAC	12
ACGGAG	18
ACGGAT	31
ACGGCA	5
ACGGCC	12
ACGGCG	16
ACGGCT	24
ACGGGA	21
ACGGGC	12
ACGGGG	16
ACGGGT	17
ACGGTA	16
ACGGTC	6
ACGGTG	8
ACGGTT	19
ACGTAA	25
ACGTAC	8
ACGTAG	12
ACGTAT	26
ACGTCA	12
ACGTCC	14
ACGTCG	9
ACGTCT	13
ACGTGA	17
ACGTGC	8
ACGTGG	7
ACGTGT	13
ACGTTA	7
ACGTTC	25
ACGTTG	13
ACGTTT	23
ACTAAA	58
ACTAAC	13
ACTAAG	39
ACTAAT	75
ACTACA	21
ACTACC	17
ACTACG	17
ACTACT	33
ACTAGA	39
ACTAGC	26
ACTAGG	15
ACTAGT	23
ACTATA	41
ACTATC	32
ACTATG	30
ACTATT	62
ACTCAA	52
ACTCAC	16
ACTCAG	15
ACTCAT	45
ACTCCA	35
ACTCCC	29
ACTCCG	13
ACTCCT	33
ACTCGA	27
ACTCGC	10
ACTCGG	22
ACTCGT	17
ACTCTA	43
ACTCTC	20
ACTCTG	25
ACTCTT	51
ACTGAA	44
ACTGAC	12
ACTGAG	21
ACTGAT	36
ACTGCA	23
ACTGCC	15
ACTGCG	13
ACTGCT	33
ACTGGA	35
ACTGGC	5
ACTGGG	13
ACTGGT	23
ACTGTA	20
ACTGTC	16
ACTGTG	8
ACTGTT	28
ACTTAA	41
ACTTAC	16
ACTTAG	21
ACTTAT	52
ACTTCA	41
ACTTCC	46
ACTTCG	35
ACTTCT	76
ACTTGA	52
ACTTGC	14
ACTTGG	40
ACTTGT	38
ACTTTA	36
ACTTTC	51
ACTTTG	37
ACTTTT	75
AGAAAA	211
AGAAAC	58
AGAAAG	117
AGAAAT	182
AGAACA	39
AGAACC	54
AGAACG	31
AGAACT	57
AGAAGA	98
AGAAGC	40
AGAAGG	59
AGAAGT	65
AGAATA	94
AGAATC	90
AGAATG	55
AGAATT	125
AGACAA	43
AGACAC	20
AGACAG	28
AGACAT	37
AGACCA	28
AGACCC	28
AGACCG	16
AGACCT	21
AGACGA	29
AGACGC	10
AGACGG	11
AGACGT	12
AGACTA	24
AGACTC	21
AGACTG	11
AGACTT	28
AGAGAA	80
AGAGAC	28
AGAGAG	40
AGAGAT	90
AGAGCA	26
AGAGCC	26
AGAGCG	15
AGAGCT	29
AGAGGA	44
AGAGGC	19
AGAGGG	45
AGAGGT	29
AGAGTA	44
AGAGTC	24
AGAGTG	14
AGAGTT	58
AGATAA	78
AGATAC	59
AGATAG	62
AGATAT	97
AGATCA	56
AGATCC	80
AGATCG	33
AGATCT	81
AGATGA	52
AGATGC	25
AGATGG	35
AGATGT	44
AGATTA	49
AGATTC	88
AGATTG	36
AGATTT	91
AGCAAA	46
AGCAAC	30
AGCAAG	30
AGCAAT	57
AGCACA	15
AGCACC	20
AGCACG	16
AGCACT	22
AGCAGA	24
AGCAGC	25
AGCAGG	33
AGCAGT	33
AGCATA	25
AGCATC	32
AGCATG	27
AGCATT	40
AGCCAA	41
AGCCAC	23
AGCCAG	13
AGCCAT	38
AGCCCA	25
AGCCCC	29
AGCCCG	8
AGCCCT	25
AGCCGA	19
AGCCGC	11
AGCCGG	16
AGCCGT	19
AGCCTA	20
AGCCTC	16
AGCCTG	13
AGCCTT	20
AGCGAA	27
AGCGAC	13
AGCGAG	11
AGCGAT	17
AGCGCA	8
AGCGCC	6
AGCGCG	4
AGCGCT	6
AGCGGA	18
AGCGGC	12
AGCGGG	15
AGCGGT	20
AGCGTA	12
AGCGTC	12
AGCGTG	7
AGCGTT	17
AGCTAA	38
AGCTAC	31
AGCTAG	25
AGCTAT	39
AGCTCA	25
AGCTCC	31
AGCTCG	16
AGCTCT	26
AGCTGA	16
AGCTGC	25
AGCTGG	19
AGCTGT	17
AGCTTA	14
AGCTTC	39
AGCTTG	21
AGCTTT	28
AGGAAA	80
AGGAAC	53
AGGAAG	51
AGGAAT	91
AGGACA	13
AGGACC	21
AGGACG	10
AGGACT	22
AGGAGA	32
AGGAGC	27
AGGAGG	42
AGGAGT	22
AGGATA	38
AGGATC	65
AGGATG	31
AGGATT	97
AGGCAA	21
AGGCAC	12
AGGCAG	12
AGGCAT	26
AGGCCA	10
AGGCCC	24
AGGCCG	8
AGGCCT	24
AGGCGA	14
AGGCGC	12
AGGCGG	16
AGGCGT	16
AGGCTA	14
AGGCTC	12
AGGCTG	12
AGGCTT	25
AGGGAA	45
AGGGAC	13
AGGGAG	25
AGGGAT	57
AGGGCA	22
AGGGCC	20
AGGGCG	12
AGGGCT	23
AGGGGA	39
AGGGGC	30
AGGGGG	30
AGGGGT	39
AGGGTA	20
AGGGTC	23
AGGGTG	18
AGGGTT	42
AGGTAA	44
AGGTAC	28
AGGTAG	26
AGGTAT	50
AGGTCA	24
AGGTCC	35
AGGTCG	13
AGGTCT	28
AGGTGA	13
AGGTGC	17
AGGTGG	16
AGGTGT	20
AGGTTA	17
AGGTTC	43
AGGTTG	23
AGGTTT	50
AGTAAA	62
AGTAAC	38
AGTAAG	36
AGTAAT	73
AGTACA	25
AGTACC	40
AGTACG	22
AGTACT	20
AGTAGA	47
AGTAGC	33
AGTAGG	23
AGTAGT	40
AGTATA	38
AGTATC	53
AGTATG	29
AGTATT	63
AGTCAA	41
AGTCAC	18
AGTCAG	16
AGTCAT	34
AGTCCA	24
AGTCCC	17
AGTCCG	14
AGTCCT	22
AGTCGA	34
AGTCGC	15
AGTCGG	16
AGTCGT	12
AGTCTA	19
AGTCTC	26
AGTCTG	19
AGTCTT	30
AGTGAA	49
AGTGAC	18
AGTGAG	21
AGTGAT	46
AGTGCA	12
AGTGCC	8
AGTGCG	9
AGTGCT	28
AGTGGA	50
AGTGGC	18
AGTGGG	20
AGTGGT	29
AGTGTA	19
AGTGTC	15
AGTGTG	20
AGTGTT	19
AGTTAA	33
AGTTAC	40
AGTTAG	38
AGTTAT	62
AGTTCA	58
AGTTCC	48
AGTTCG	30
AGTTCT	55
AGTTGA	48
AGTTGC	20
AGTTGG	40
AGTTGT	39
AGTTTA	32
AGTTTC	50
AGTTTG	38
AGTTTT	65
ATAAAA	188
ATAAAC	56
ATAAAG	79
ATAAAT	156
ATAACA	51
ATAACC	50
ATAACG	19
ATAACT	68
ATAAGA	100
ATAAGC	40
ATAAGG	44
ATAAGT	71
ATAATA	111
ATAATC	67
ATAATG	75
ATAATT	124
ATACAA	86
ATACAC	39
ATACAG	32
ATACAT	84
ATACCA	48
ATACCC	27
ATACCG	29
ATACCT	49
ATACGA	47
ATACGC	15
ATACGG	24
ATACGT	32
ATACTA	49
ATACTC	44
ATACTG	30
ATACTT	58
ATAGAA	167
ATAGAC	41
ATAGAG	64
ATAGAT	127
ATAGCA	36
ATAGCC	26
ATAGCG	17
ATAGCT	46
ATAGGA	81
ATAGGC	26
ATAGGG	42
ATAGGT	49
ATAGTA	64
ATAGTC	30
ATAGTG	47
ATAGTT	66
ATATAA	108
ATATAC	56
ATATAG	71
ATATAT	136
ATATCA	79
ATATCC	55
ATATCG	34
ATATCT	111
ATATGA	90
ATATGC	26
ATATGG	43
ATATGT	47
ATATTA	67
ATATTC	115
ATATTG	86
ATATTT	162
ATCAAA	169
ATCAAC	53
ATCAAG	45
ATCAAT	146
ATCACA	39
ATCACC	23
ATCACG	13
ATCACT	49
ATCAGA	60
ATCAGC	20
ATCAGG	22
ATCAGT	39
ATCATA	78
ATCATC	56
ATCATG	48
ATCATT	103
ATCCAA	107
ATCCAC	50
ATCCAG	47
ATCCAT	107
ATCCCA	59
ATCCCC	43
ATCCCG	31
ATCCCT	56
ATCCGA	46
ATCCGC	27
ATCCGG	29
ATCCGT	31
ATCCTA	61
ATCCTC	41
ATCCTG	42
ATCCTT	96
ATCGAA	94
ATCGAC	31
ATCGAG	35
ATCGAT	70
ATCGCA	16
ATCGCC	17
ATCGCG	7
ATCGCT	17
ATCGGA	40
ATCGGC	16
ATCGGG	21
ATCGGT	33
ATCGTA	44
ATCGTC	24
ATCGTG	25
ATCGTT	32
ATCTAA	72
ATCTAC	42
ATCTAG	50
ATCTAT	119
ATCTCA	58
ATCTCC	42
ATCTCG	29
ATCTCT	83
ATCTGA	55
ATCTGC	27
ATCTGG	33
ATCTGT	38
ATCTTA	44
ATCTTC	64
ATCTTG	67
ATCTTT	163
ATGAAA	140
ATGAAC	70
ATGAAG	58
ATGAAT	147
ATGACA	25
ATGACC	25
ATGACG	13
ATGACT	40
ATGAGA	67
ATGAGC	36
ATGAGG	26
ATGAGT	49
ATGATA	89
ATGATC	67
ATGATG	48
ATGATT	98
ATGCAA	40
ATGCAC	18
ATGCAG	19
ATGCAT	44
ATGCCA	27
ATGCCC	27
ATGCCG	13
ATGCCT	29
ATGCGA	10
ATGCGC	12
ATGCGG	14
ATGCGT	15
ATGCTA	30
ATGCTC	21
ATGCTG	16
ATGCTT	38
ATGGAA	121
ATGGAC	31
ATGGAG	31
ATGGAT	115
ATGGCA	21
ATGGCC	22
ATGGCG	12
ATGGCT	35
ATGGGA	48
ATGGGC	24
ATGGGG	38
ATGGGT	48
ATGGTA	46
ATGGTC	33
ATGGTG	20
ATGGTT	43
ATGTAA	45
ATGTAC	25
ATGTAG	39
ATGTAT	72
ATGTCA	21
ATGTCC	18
ATGTCG	12
ATGTCT	34
ATGTGA	35
ATGTGC	13
ATGTGG	24
ATGTGT	28
ATGTTA	33
ATGTTC	37
ATGTTG	27
ATGTTT	44
ATTAAA	80
ATTAAC	38
ATTAAG	42
ATTAAT	103
ATTACA	42
ATTACC	33
ATTACG	23
ATTACT	69
ATTAGA	84
ATTAGC	25
ATTAGG	34
ATTAGT	74
ATTATA	68
ATTATC	66
ATTATG	62
ATTATT	133
ATTCAA	163
ATTCAC	62
ATTCAG	48
ATTCAT	163
ATTCCA	116
ATTCCC	61
ATTCCG	44
ATTCCT	127
ATTCGA	100
ATTCGC	22
ATTCGG	38
ATTCGT	58
ATTCTA	96
ATTCTC	70
ATTCTG	74
ATTCTT	177
ATTGAA	146
ATTGAC	48
ATTGAG	59
ATTGAT	141
ATTGCA	36
ATTGCC	26
ATTGCG	26
ATTGCT	45
ATTGGA	98
ATTGGC	38
ATTGGG	57
ATTGGT	77
ATTGTA	66
ATTGTC	37
ATTGTG	29
ATTGTT	82
ATTTAA	75
ATTTAC	65
ATTTAG	40
ATTTAT	135
ATTTCA	143
ATTTCC	95
ATTTCG	88
ATTTCT	214
ATTTGA	144
ATTTGC	40
ATTTGG	63
ATTTGT	89
ATTTTA	108
ATTTTC	131
ATTTTG	128
ATTTTT	275
CAAAAA	185
CAAAAC	47
CAAAAG	76
CAAAAT	116
CAAACA	55
CAAACC	37
CAAACG	20
CAAACT	41
CAAAGA	79
CAAAGC	21
CAAAGG	48
CAAAGT	37
CAAATA	120
CAAATC	81
CAAATG	53
CAAATT	99
CAACAA	66
CAACAC	13
CAACAG	24
CAACAT	34
CAACCA	38
CAACCC	31
CAACCG	13
CAACCT	24
CAACGA	33
CAACGC	12
CAACGG	20
CAACGT	9
CAACTA	35
CAACTC	38
CAACTG	20
CAACTT	38
CAAGAA	84
CAAGAC	23
CAAGAG	34
CAAGAT	64
CAAGCA	34
CAAGCC	20
CAAGCG	19
CAAGCT	24
CAAGGA	38
CAAGGC	19
CAAGGG	28
CAAGGT	28
CAAGTA	61
CAAGTC	26
CAAGTG	28
CAAGTT	41
CAATAA	108
CAATAC	44
CAATAG	67
CAATAT	77
CAATCA	71
CAATCC	58
CAATCG	29
CAATCT	40
CAATGA	65
CAATGC	29
CAATGG	48
CAATGT	32
CAATTA	71
CAATTC	122
CAATTG	78
CAATTT	112
CACAAA	49
CACAAC	16
CACAAG	29
CACAAT	34
CACACA	15
CACACC	14
CACACG	12
CACACT	20
CACAGA	16
CACAGC	14
CACAGG	16
CACAGT	7
CACATA	35
CACATC	28
CACATG	17
CACATT	44
CACCAA	41
CACCAC	14
CACCAG	16
CACCAT	14
CACCCA	26
CACCCC	25
CACCCG	11
CACCCT	20
CACCGA	9
CACCGC	11
CACCGG	12
CACCGT	8
CACCTA	22
CACCTC	17
CACCTG	9
CACCTT	22
CACGAA	26
CACGAC	13
CACGAG	11
CACGAT	17
CACGCA	7
CACGCC	8
CACGCG	5
CACGCT	10
CACGGA	16
CACGGC	14
CACGGG	10
CACGGT	8
CACGTA	13
CACGTC	9
CACGTG	13
CACGTT	14
CACTAA	28
CACTAC	12
CACTAG	22
CACTAT	29
CACTCA	20
CACTCC	15
CACTCG	20
CACTCT	24
CACTGA	24
CACTGC	18
CACTGG	13
CACTGT	16
CACTTA	23
CACTTC	34
CACTTG	27
CACTTT	37
CAGAAA	78
CAGAAC	29
CAGAAG	45
CAGAAT	54
CAGACA	15
CAGACC	17
CAGACG	9
CAGACT	6
CAGAGA	32
CAGAGC	16
CAGAGG	29
CAGAGT	25
CAGATA	39
CAGATC	37
CAGATG	23
CAGATT	36
CAGCAA	30
CAGCAC	12
CAGCAG	24
CAGCAT	23
CAGCCA	24
CAGCCC	17
CAGCCG	9
CAGCCT	11
CAGCGA	10
CAGCGC	2
CAGCGG	13
CAGCGT	9
CAGCTA	22
CAGCTC	15
CAGCTG	15
CAGCTT	15
CAGGAA	42
CAGGAC	10
CAGGAG	26
CAGGAT	38
CAGGCA	12
CAGGCC	11
CAGGCG	18
CAGGCT	15
CAGGGA	19
CAGGGC	16
CAGGGG	18
CAGGGT	20
CAGGTA	29
CAGGTC	20
CAGGTG	16
CAGGTT	22
CAGTAA	22
CAGTAC	19
CAGTAG	24
CAGTAT	24
CAGTCA	30
CAGTCC	10
CAGTCG	11
CAGTCT	12
CAGTGA	21
CAGTGC	11
CAGTGG	22
CAGTGT	10
CAGTTA	37
CAGTTC	40
CAGTTG	21
CAGTTT	24
CATAAA	81
CATAAC	33
CATAAG	51
CATAAT	71
CATACA	46
CATACC	29
CATACG	28
CATACT	28
CATAGA	61
CATAGC	22
CATAGG	42
CATAGT	47
CATATA	94
CATATC	58
CATATG	31
CATATT	101
CATCAA	55
CATCAC	18
CATCAG	24
CATCAT	41
CATCCA	49
CATCCC	32
CATCCG	18
CATCCT	35
CATCGA	42
CATCGC	12
CATCGG	16
CATCGT	18
CATCTA	49
CATCTC	43
CATCTG	35
CATCTT	58
CATGAA	65
CATGAC	25
CATGAG	44
CATGAT	37
CATGCA	27
CATGCC	18
CATGCG	6
CATGCT	26
CATGGA	48
CATGGC	23
CATGGG	31
CATGGT	29
CATGTA	37
CATGTC	22
CATGTG	20
CATGTT	31
CATTAA	55
CATTAC	41
CATTAG	35
CATTAT	69
CATTCA	60
CATTCC	60
CATTCG	31
CATTCT	63
CATTGA	68
CATTGC	28
CATTGG	42
CATTGT	33
CATTTA	70
CATTTC	123
CATTTG	68
CATTTT	132
CCAAAA	100
CCAAAC	46
CCAAAG	60
CCAAAT	76
CCAACA	35
CCAACC	34
CCAACG	22
CCAACT	41
CCAAGA	40
CCAAGC	38
CCAAGG	40
CCAAGT	40
CCAATA	87
CCAATC	67
CCAATG	43
CCAATT	104
CCACAA	42
CCACAC	19
CCACAG	12
CCACAT	31
CCACCA	15
CCACCC	30
CCACCG	13
CCACCT	19
CCACGA	19
CCACGC	11
CCACGG	13
CCACGT	9
CCACTA	23
CCACTC	22
CCACTG	23
CCACTT	34
CCAGAA	46
CCAGAC	12
CCAGAG	26
CCAGAT	36
CCAGCA	12
CCAGCC	10
CCAGCG	9
CCAGCT	20
CCAGGA	36
CCAGGC	12
CCAGGG	20
CCAGGT	19
CCAGTA	27
CCAGTC	18
CCAGTG	12
CCAGTT	28
CCATAA	70
CCATAC	36
CCATAG	53
CCATAT	65
CCATCA	25
CCATCC	35
CCATCG	31
CCATCT	50
CCATGA	52
CCATGC	24
CCATGG	35
CCATGT	26
CCATTA	47
CCATTC	68
CCATTG	41
CCATTT	128
CCCAAA	62
CCCAAC	28
CCCAAG	40
CCCAAT	67
CCCACA	20
CCCACC	16
CCCACG	12
CCCACT	18
CCCAGA	36
CCCAGC	12
CCCAGG	23
CCCAGT	20
CCCATA	49
CCCATC	31
CCCATG	33
CCCATT	77
CCCCAA	46
CCCCAC	15
CCCCAG	28
CCCCAT	43
CCCCCA	32
CCCCCC	48
CCCCCG	25
CCCCCT	45
CCCCGA	27
CCCCGC	14
CCCCGG	17
CCCCGT	14
CCCCTA	28
CCCCTC	37
CCCCTG	24
CCCCTT	67
CCCGAA	50
CCCGAC	17
CCCGAG	18
CCCGAT	22
CCCGCA	16
CCCGCC	13
CCCGCG	7
CCCGCT	17
CCCGGA	26
CCCGGC	8
CCCGGG	16
CCCGGT	15
CCCGTA	24
CCCGTC	15
CCCGTG	17
CCCGTT	20
CCCTAA	19
CCCTAC	24
CCCTAG	27
CCCTAT	35
CCCTCA	20
CCCTCC	27
CCCTCG	17
CCCTCT	51
CCCTGA	20
CCCTGC	19
CCCTGG	22
CCCTGT	18
CCCTTA	28
CCCTTC	55
CCCTTG	37
CCCTTT	92
CCGAAA	56
CCGAAC	26
CCGAAG	30
CCGAAT	46
CCGACA	16
CCGACC	20
CCGACG	8
CCGACT	14
CCGAGA	23
CCGAGC	20
CCGAGG	14
CCGAGT	21
CCGATA	29
CCGATC	27
CCGATG	19
CCGATT	39
CCGCAA	16
CCGCAC	10
CCGCAG	12
CCGCAT	18
CCGCCA	13
CCGCCC	14
CCGCCG	17
CCGCCT	16
CCGCGA	10
CCGCGC	3
CCGCGG	7
CCGCGT	10
CCGCTA	23
CCGCTC	15
CCGCTG	14
CCGCTT	19
CCGGAA	32
CCGGAC	12
CCGGAG	20
CCGGAT	27
CCGGCA	12
CCGGCC	6
CCGGCG	8
CCGGCT	18
CCGGGA	22
CCGGGC	12
CCGGGG	20
CCGGGT	13
CCGGTA	22
CCGGTC	15
CCGGTG	9
CCGGTT	20
CCGTAA	22
CCGTAC	22
CCGTAG	27
CCGTAT	21
CCGTCA	14
CCGTCC	11
CCGTCG	14
CCGTCT	6
CCGTGA	23
CCGTGC	6
CCGTGG	12
CCGTGT	16
CCGTTA	13
CCGTTC	21
CCGTTG	23
CCGTTT	33
CCTAAA	45
CCTAAC	17
CCTAAG	14
CCTAAT	46
CCTACA	25
CCTACC	23
CCTACG	20
CCTACT	31
CCTAGA	35
CCTAGC	19
CCTAGG	18
CCTAGT	27
CCTATA	41
CCTATC	34
CCTATG	28
CCTATT	94
CCTCAA	21
CCTCAC	17
CCTCAG	17
CCTCAT	26
CCTCCA	28
CCTCCC	25
CCTCCG	18
CCTCCT	44
CCTCGA	29
CCTCGC	14
CCTCGG	21
CCTCGT	16
CCTCTA	33
CCTCTC	36
CCTCTG	34
CCTCTT	70
CCTGAA	42
CCTGAC	18
CCTGAG	18
CCTGAT	25
CCTGCA	19
CCTGCC	14
CCTGCG	11
CCTGCT	21
CCTGGA	30
CCTGGC	20
CCTGGG	22
CCTGGT	16
CCTGTA	28
CCTGTC	13
CCTGTG	16
CCTGTT	41
CCTTAA	25
CCTTAC	26
CCTTAG	21
CCTTAT	39
CCTTCA	26
CCTTCC	56
CCTTCG	24
CCTTCT	66
CCTTGA	39
CCTTGC	19
CCTTGG	43
CCTTGT	41
CCTTTA	47
CCTTTC	82
CCTTTG	41
CCTTTT	137
CGAAAA	78
CGAAAC	31
CGAAAG	47
CGAAAT	76
CGAACA	30
CGAACC	46
CGAACG	19
CGAACT	26
CGAAGA	48
CGAAGC	18
CGAAGG	19
CGAAGT	37
CGAATA	63
CGAATC	59
CGAATG	32
CGAATT	88
CGACAA	16
CGACAC	11
CGACAG	12
CGACAT	21
CGACCA	15
CGACCC	30
CGACCG	8
CGACCT	18
CGACGA	15
CGACGC	9
CGACGG	15
CGACGT	8
CGACTA	6
CGACTC	17
CGACTG	11
CGACTT	26
CGAGAA	42
CGAGAC	12
CGAGAG	21
CGAGAT	43
CGAGCA	16
CGAGCC	29
CGAGCG	4
CGAGCT	18
CGAGGA	19
CGAGGC	2
CGAGGG	9
CGAGGT	15
CGAGTA	22
CGAGTC	23
CGAGTG	17
CGAGTT	16
CGATAA	39
CGATAC	32
CGATAG	23
CGATAT	30
CGATCA	35
CGATCC	32
CGATCG	21
CGATCT	35
CGATGA	24
CGATGC	11
CGATGG	29
CGATGT	11
CGATTA	34
CGATTC	68
CGATTG	24
CGATTT	55
CGCAAA	13
CGCAAC	9
CGCAAG	10
CGCAAT	24
CGCACA	7
CGCACC	7
CGCACG	7
CGCACT	12
CGCAGA	7
CGCAGC	10
CGCAGG	11
CGCAGT	9
CGCATA	20
CGCATC	9
CGCATG	7
CGCATT	19
CGCCAA	11
CGCCAC	11
CGCCAG	11
CGCCAT	16
CGCCCA	15
CGCCCC	22
CGCCCG	11
CGCCCT	15
CGCCGA	15
CGCCGC	4
CGCCGG	6
CGCCGT	10
CGCCTA	17
CGCCTC	13
CGCCTG	14
CGCCTT	12
CGCGAA	9
CGCGAC	3
CGCGAG	15
CGCGAT	9
CGCGCA	2
CGCGCC	5
CGCGCG	5
CGCGCT	8
CGCGGA	9
CGCGGC	8
CGCGGG	7
CGCGGT	11
CGCGTA	8
CGCGTC	2
CGCGTG	9
CGCGTT	13
CGCTAA	9
CGCTAC	14
CGCTAG	5
CGCTAT	23
CGCTCA	17
CGCTCC	14
CGCTCG	9
CGCTCT	21
CGCTGA	13
CGCTGC	8
CGCTGG	8
CGCTGT	6
CGCTTA	15
CGCTTC	17
CGCTTG	14
CGCTTT	28
CGGAAA	45
CGGAAC	30
CGGAAG	27
CGGAAT	33
CGGACA	12
CGGACC	21
CGGACG	10
CGGACT	11
CGGAGA	22
CGGAGC	13
CGGAGG	19
CGGAGT	15
CGGATA	27
CGGATC	33
CGGATG	20
CGGATT	47
CGGCAA	17
CGGCAC	4
CGGCAG	10
CGGCAT	15
CGGCCA	10
CGGCCC	17
CGGCCG	3
CGGCCT	6
CGGCGA	15
CGGCGC	3
CGGCGG	12
CGGCGT	7
CGGCTA	22
CGGCTC	25
CGGCTG	11
CGGCTT	18
CGGGAA	38
CGGGAC	14
CGGGAG	17
CGGGAT	22
CGGGCA	6
CGGGCC	19
CGGGCG	10
CGGGCT	9
CGGGGA	17
CGGGGC	15
CGGGGG	25
CGGGGT	15
CGGGTA	17
CGGGTC	16
CGGGTG	12
CGGGTT	21
CGGTAA	23
CGGTAC	17
CGGTAG	18
CGGTAT	29
CGGTCA	12
CGGTCC	17
CGGTCG	9
CGGTCT	22
CGGTGA	12
CGGTGC	10
CGGTGG	17
CGGTGT	8
CGGTTA	18
CGGTTC	34
CGGTTG	13
CGGTTT	29
CGTAAA	33
CGTAAC	15
CGTAAG	25
CGTAAT	34
CGTACA	18
CGTACC	15
CGTACG	5
CGTACT	20
CGTAGA	22
CGTAGC	16
CGTAGG	20
CGTAGT	19
CGTATA	23
CGTATC	21
CGTATG	20
CGTATT	50
CGTCAA	21
CGTCAC	11
CGTCAG	7
CGTCAT	10
CGTCCA	21
CGTCCC	17
CGTCCG	9
CGTCCT	11
CGTCGA	18
CGTCGC	7
CGTCGG	9
CGTCGT	15
CGTCTA	8
CGTCTC	13
CGTCTG	7
CGTCTT	15
CGTGAA	28
CGTGAC	16
CGTGAG	18
CGTGAT	18
CGTGCA	13
CGTGCC	6
CGTGCG	4
CGTGCT	13
CGTGGA	21
CGTGGC	3
CGTGGG	9
CGTGGT	12
CGTGTA	12
CGTGTC	18
CGTGTG	14
CGTGTT	15
CGTTAA	16
CGTTAC	18
CGTTAG	7
CGTTAT	15
CGTTCA	22
CGTTCC	31
CGTTCG	14
CGTTCT	34
CGTTGA	30
CGTTGC	14
CGTTGG	16
CGTTGT	22
CGTTTA	20
CGTTTC	35
CGTTTG	20
CGTTTT	46
CTAAAA	85
CTAAAC	27
CTAAAG	37
CTAAAT	58
CTAACA	24
CTAACC	22
CTAACG	13
CTAACT	26
CTAAGA	45
CTAAGC	18
CTAAGG	23
CTAAGT	26
CTAATA	55
CTAATC	50
CTAATG	45
CTAATT	79
CTACAA	32
CTACAC	15
CTACAG	33
CTACAT	36
CTACCA	37
CTACCC	31
CTACCG	18
CTACCT	23
CTACGA	26
CTACGC	9
CTACGG	24
CTACGT	12
CTACTA	39
CTACTC	22
CTACTG	27
CTACTT	53
CTAGAA	61
CTAGAC	18
CTAGAG	25
CTAGAT	37
CTAGCA	26
CTAGCC	20
CTAGCG	6
CTAGCT	21
CTAGGA	30
CTAGGC	14
CTAGGG	22
CTAGGT	22
CTAGTA	32
CTAGTC	16
CTAGTG	21
CTAGTT	42
CTATAA	64
CTATAC	33
CTATAG	39
CTATAT	63
CTATCA	41
CTATCC	36
CTATCG	25
CTATCT	63
CTATGA	50
CTATGC	13
CTATGG	36
CTATGT	28
CTATTA	75
CTATTC	79
CTATTG	56
CTATTT	159
CTCAAA	50
CTCAAC	20
CTCAAG	20
CTCAAT	65
CTCACA	22
CTCACC	10
CTCACG	14
CTCACT	18
CTCAGA	23
CTCAGC	21
CTCAGG	18
CTCAGT	19
CTCATA	51
CTCATC	28
CTCATG	28
CTCATT	60
CTCCAA	38
CTCCAC	23
CTCCAG	26
CTCCAT	43
CTCCCA	35
CTCCCC	34
CTCCCG	20
CTCCCT	28
CTCCGA	19
CTCCGC	17
CTCCGG	17
CTCCGT	21
CTCCTA	43
CTCCTC	34
CTCCTG	33
CTCCTT	38
CTCGAA	49
CTCGAC	18
CTCGAG	22
CTCGAT	45
CTCGCA	7
CTCGCC	12
CTCGCG	16
CTCGCT	16
CTCGGA	28
CTCGGC	10
CTCGGG	23
CTCGGT	26
CTCGTA	25
CTCGTC	9
CTCGTG	15
CTCGTT	27
CTCTAA	31
CTCTAC	39
CTCTAG	14
CTCTAT	75
CTCTCA	34
CTCTCC	39
CTCTCG	24
CTCTCT	41
CTCTGA	38
CTCTGC	17
CTCTGG	30
CTCTGT	20
CTCTTA	48
CTCTTC	65
CTCTTG	44
CTCTTT	119
CTGAAA	55
CTGAAC	27
CTGAAG	27
CTGAAT	63
CTGACA	18
CTGACC	25
CTGACG	9
CTGACT	19
CTGAGA	29
CTGAGC	23
CTGAGG	21
CTGAGT	15
CTGATA	34
CTGATC	35
CTGATG	24
CTGATT	47
CTGCAA	25
CTGCAC	14
CTGCAG	16
CTGCAT	30
CTGCCA	15
CTGCCC	21
CTGCCG	10
CTGCCT	17
CTGCGA	10
CTGCGC	11
CTGCGG	12
CTGCGT	9
CTGCTA	36
CTGCTC	17
CTGCTG	18
CTGCTT	52
CTGGAA	42
CTGGAC	17
CTGGAG	25
CTGGAT	45
CTGGCA	13
CTGGCC	12
CTGGCG	8
CTGGCT	14
CTGGGA	18
CTGGGC	18
CTGGGG	22
CTGGGT	17
CTGGTA	23
CTGGTC	20
CTGGTG	16
CTGGTT	35
CTGTAA	31
CTGTAC	17
CTGTAG	23
CTGTAT	31
CTGTCA	18
CTGTCC	22
CTGTCG	6
CTGTCT	29
CTGTGA	16
CTGTGC	13
CTGTGG	11
CTGTGT	16
CTGTTA	34
CTGTTC	50
CTGTTG	32
CTGTTT	39
CTTAAA	29
CTTAAC	32
CTTAAG	13
CTTAAT	55
CTTACA	17
CTTACC	28
CTTACG	19
CTTACT	40
CTTAGA	37
CTTAGC	22
CTTAGG	18
CTTAGT	30
CTTATA	37
CTTATC	44
CTTATG	28
CTTATT	91
CTTCAA	48
CTTCAC	27
CTTCAG	22
CTTCAT	65
CTTCCA	74
CTTCCC	41
CTTCCG	28
CTTCCT	67
CTTCGA	45
CTTCGC	13
CTTCGG	35
CTTCGT	32
CTTCTA	61
CTTCTC	61
CTTCTG	52
CTTCTT	134
CTTGAA	82
CTTGAC	44
CTTGAG	20
CTTGAT	62
CTTGCA	20
CTTGCC	15
CTTGCG	12
CTTGCT	28
CTTGGA	49
CTTGGC	25
CTTGGG	41
CTTGGT	41
CTTGTA	48
CTTGTC	19
CTTGTG	27
CTTGTT	88
CTTTAA	44
CTTTAC	33
CTTTAG	37
CTTTAT	85
CTTTCA	95
CTTTCC	73
CTTTCG	59
CTTTCT	113
CTTTGA	64
CTTTGC	27
CTTTGG	54
CTTTGT	56
CTTTTA	59
CTTTTC	114
CTTTTG	90
CTTTTT	271
GAAAAA	214
GAAAAC	57
GAAAAG	114
GAAAAT	137
GAAACA	68
GAAACC	44
GAAACG	29
GAAACT	46
GAAAGA	151
GAAAGC	32
GAAAGG	79
GAAAGT	50
GAAATA	154
GAAATC	79
GAAATG	96
GAAATT	123
GAACAA	76
GAACAC	15
GAACAG	42
GAACAT	41
GAACCA	58
GAACCC	52
GAACCG	38
GAACCT	40
GAACGA	33
GAACGC	18
GAACGG	17
GAACGT	23
GAACTA	55
GAACTC	38
GAACTG	37
GAACTT	58
GAAGAA	137
GAAGAC	27
GAAGAG	57
GAAGAT	59
GAAGCA	46
GAAGCC	15
GAAGCG	15
GAAGCT	33
GAAGGA	45
GAAGGC	19
GAAGGG	58
GAAGGT	30
GAAGTA	63
GAAGTC	26
GAAGTG	31
GAAGTT	63
GAATAA	126
GAATAC	50
GAATAG	90
GAATAT	91
GAATCA	116
GAATCC	91
GAATCG	60
GAATCT	71
GAATGA	80
GAATGC	28
GAATGG	62
GAATGT	26
GAATTA	87
GAATTC	130
GAATTG	99
GAATTT	115
GACAAA	50
GACAAC	13
GACAAG	21
GACAAT	34
GACACA	23
GACACC	10
GACACG	10
GACACT	13
GACAGA	26
GACAGC	14
GACAGG	18
GACAGT	16
GACATA	29
GACATC	27
GACATG	24
GACATT	31
GACCAA	51
GACCAC	11
GACCAG	13
GACCAT	29
GACCCA	39
GACCCC	29
GACCCG	19
GACCCT	28
GACCGA	27
GACCGC	9
GACCGG	9
GACCGT	8
GACCTA	25
GACCTC	19
GACCTG	18
GACCTT	37
GACGAA	39
GACGAC	5
GACGAG	11
GACGAT	25
GACGCA	8
GACGCC	8
GACGCG	5
GACGCT	11
GACGGA	18
GACGGC	5
GACGGG	16
GACGGT	10
GACGTA	13
GACGTC	5
GACGTG	11
GACGTT	18
GACTAA	27
GACTAC	16
GACTAG	12
GACTAT	23
GACTCA	25
GACTCC	22
GACTCG	18
GACTCT	23
GACTGA	19
GACTGC	15
GACTGG	19
GACTGT	10
GACTTA	21
GACTTC	27
GACTTG	28
GACTTT	40
GAGAAA	95
GAGAAC	24
GAGAAG	46
GAGAAT	63
GAGACA	39
GAGACC	14
GAGACG	8
GAGACT	17
GAGAGA	56
GAGAGC	19
GAGAGG	28
GAGAGT	22
GAGATA	69
GAGATC	52
GAGATG	44
GAGATT	65
GAGCAA	41
GAGCAC	17
GAGCAG	23
GAGCAT	24
GAGCCA	33
GAGCCC	19
GAGCCG	23
GAGCCT	22
GAGCGA	14
GAGCGC	7
GAGCGG	11
GAGCGT	10
GAGCTA	36
GAGCTC	20
GAGCTG	19
GAGCTT	23
GAGGAA	59
GAGGAC	16
GAGGAG	29
GAGGAT	37
GAGGCA	14
GAGGCC	14
GAGGCG	7
GAGGCT	13
GAGGGA	36
GAGGGC	10
GAGGGG	34
GAGGGT	20
GAGGTA	21
GAGGTC	22
GAGGTG	14
GAGGTT	36
GAGTAA	41
GAGTAC	28
GAGTAG	27
GAGTAT	37
GAGTCA	28
GAGTCC	20
GAGTCG	17
GAGTCT	24
GAGTGA	22
GAGTGC	10
GAGTGG	24
GAGTGT	7
GAGTTA	40
GAGTTC	38
GAGTTG	37
GAGTTT	51
GATAAA	109
GATAAC	34
GATAAG	59
GATAAT	65
GATACA	65
GATACC	33
GATACG	24
GATACT	49
GATAGA	83
GATAGC	20
GATAGG	36
GATAGT	37
GATATA	63
GATATC	57
GATATG	50
GATATT	87
GATCAA	101
GATCAC	21
GATCAG	37
GATCAT	63
GATCCA	84
GATCCC	43
GATCCG	40
GATCCT	65
GATCGA	51
GATCGC	15
GATCGG	26
GATCGT	32
GATCTA	76
GATCTC	50
GATCTG	33
GATCTT	86
GATGAA	78
GATGAC	17
GATGAG	33
GATGAT	60
GATGCA	24
GATGCC	17
GATGCG	14
GATGCT	23
GATGGA	53
GATGGC	23
GATGGG	29
GATGGT	28
GATGTA	46
GATGTC	18
GATGTG	20
GATGTT	29
GATTAA	57
GATTAC	24
GATTAG	48
GATTAT	62
GATTCA	136
GATTCC	88
GATTCG	60
GATTCT	76
GATTGA	72
GATTGC	20
GATTGG	60
GATTGT	29
GATTTA	65
GATTTC	100
GATTTG	64
GATTTT	134
GCAAAA	46
GCAAAC	16
GCAAAG	15
GCAAAT	48
GCAACA	27
GCAACC	10
GCAACG	9
GCAACT	18
GCAAGA	30
GCAAGC	11
GCAAGG	16
GCAAGT	18
GCAATA	49
GCAATC	24
GCAATG	28
GCAATT	50
GCACAA	13
GCACAC	7
GCACAG	8
GCACAT	12
GCACCA	16
GCACCC	14
GCACCG	8
GCACCT	18
GCACGA	11
GCACGC	6
GCACGG	9
GCACGT	11
GCACTA	13
GCACTC	15
GCACTG	8
GCACTT	22
GCAGAA	28
GCAGAC	6
GCAGAG	20
GCAGAT	22
GCAGCA	26
GCAGCC	8
GCAGCG	5
GCAGCT	19
GCAGGA	16
GCAGGC	12
GCAGGG	18
GCAGGT	19
GCAGTA	18
GCAGTC	13
GCAGTG	15
GCAGTT	30
GCATAA	30
GCATAC	18
GCATAG	16
GCATAT	43
GCATCA	25
GCATCC	15
GCATCG	10
GCATCT	38
GCATGA	24
GCATGC	14
GCATGG	22
GCATGT	19
GCATTA	28
GCATTC	19
GCATTG	31
GCATTT	56
GCCAAA	34
GCCAAC	16
GCCAAG	17
GCCAAT	35
GCCACA	20
GCCACC	9
GCCACG	4
GCCACT	18
GCCAGA	11
GCCAGC	4
GCCAGG	18
GCCAGT	7
GCCATA	32
GCCATC	22
GCCATG	22
GCCATT	31
GCCCAA	36
GCCCAC	12
GCCCAG	13
GCCCAT	25
GCCCCA	23
GCCCCC	23
GCCCCG	13
GCCCCT	29
GCCCGA	15
GCCCGC	9
GCCCGG	13
GCCCGT	14
GCCCTA	15
GCCCTC	15
GCCCTG	15
GCCCTT	34
GCCGAA	29
GCCGAC	10
GCCGAG	15
GCCGAT	14
GCCGCA	10
GCCGCC	7
GCCGCG	7
GCCGCT	8
GCCGGA	15
GCCGGC	6
GCCGGG	8
GCCGGT	10
GCCGTA	21
GCCGTC	3
GCCGTG	11
GCCGTT	12
GCCTAA	21
GCCTAC	11
GCCTAG	15
GCCTAT	30
GCCTCA	15
GCCTCC	18
GCCTCG	6
GCCTCT	23
GCCTGA	12
GCCTGC	10
GCCTGG	14
GCCTGT	16
GCCTTA	13
GCCTTC	21
GCCTTG	21
GCCTTT	28
GCGAAA	33
GCGAAC	14
GCGAAG	13
GCGAAT	26
GCGACA	9
GCGACC	8
GCGACG	5
GCGACT	5
GCGAGA	18
GCGAGC	9
GCGAGG	8
GCGAGT	12
GCGATA	12
GCGATC	16
GCGATG	6
GCGATT	18
GCGCAA	7
GCGCAG	11
GCGCAT	7
GCGCCA	7
GCGCCC	9
GCGCCG	4
GCGCCT	10
GCGCGA	6
GCGCGC	5
GCGCGG	3
GCGCGT	6
GCGCTA	8
GCGCTC	11
GCGCTG	3
GCGCTT	14
GCGGAA	17
GCGGAC	7
GCGGAG	11
GCGGAT	25
GCGGCA	13
GCGGCC	3
GCGGCG	4
GCGGCT	14
GCGGGA	16
GCGGGC	7
GCGGGG	8
GCGGGT	14
GCGGTA	21
GCGGTC	13
GCGGTG	14
GCGGTT	15
GCGTAA	18
GCGTAC	5
GCGTAG	11
GCGTAT	18
GCGTCA	4
GCGTCC	10
GCGTCG	7
GCGTCT	11
GCGTGA	12
GCGTGC	7
GCGTGG	10
GCGTGT	8
GCGTTA	11
GCGTTC	17
GCGTTG	12
GCGTTT	14
GCTAAA	43
GCTAAC	19
GCTAAG	19
GCTAAT	27
GCTACA	34
GCTACC	18
GCTACG	12
GCTACT	34
GCTAGA	25
GCTAGC	9
GCTAGG	16
GCTAGT	18
GCTATA	30
GCTATC	18
GCTATG	21
GCTATT	49
GCTCAA	22
GCTCAC	8
GCTCAG	18
GCTCAT	29
GCTCCA	25
GCTCCC	25
GCTCCG	13
GCTCCT	28
GCTCGA	24
GCTCGC	7
GCTCGG	16
GCTCGT	19
GCTCTA	35
GCTCTC	20
GCTCTG	18
GCTCTT	37
GCTGAA	26
GCTGAC	12
GCTGAG	17
GCTGAT	16
GCTGCA	18
GCTGCC	8
GCTGCG	9
GCTGCT	30
GCTGGA	18
GCTGGC	4
GCTGGG	12
GCTGGT	16
GCTGTA	14
GCTGTC	14
GCTGTG	8
GCTGTT	26
GCTTAA	9
GCTTAC	17
GCTTAG	20
GCTTAT	30
GCTTCA	30
GCTTCC	26
GCTTCG	20
GCTTCT	48
GCTTGA	29
GCTTGC	12
GCTTGG	26
GCTTGT	30
GCTTTA	31
GCTTTC	43
GCTTTG	26
GCTTTT	62
GGAAAA	101
GGAAAC	34
GGAAAG	62
GGAAAT	69
GGAACA	52
GGAACC	33
GGAACG	23
GGAACT	42
GGAAGA	67
GGAAGC	22
GGAAGG	51
GGAAGT	33
GGAATA	87
GGAATC	70
GGAATG	49
GGAATT	91
GGACAA	30
GGACAC	10
GGACAG	16
GGACAT	19
GGACCA	21
GGACCC	20
GGACCG	17
GGACCT	29
GGACGA	15
GGACGC	8
GGACGG	9
GGACGT	12
GGACTA	16
GGACTC	19
GGACTG	13
GGACTT	21
GGAGAA	46
GGAGAC	15
GGAGAG	34
GGAGAT	35
GGAGCA	27
GGAGCC	19
GGAGCG	13
GGAGCT	19
GGAGGA	43
GGAGGC	11
GGAGGG	27
GGAGGT	26
GGAGTA	28
GGAGTC	16
GGAGTG	14
GGAGTT	42
GGATAA	61
GGATAC	32
GGATAG	42
GGATAT	53
GGATCA	59
GGATCC	52
GGATCG	40
GGATCT	73
GGATGA	45
GGATGC	19
GGATGG	37
GGATGT	29
GGATTA	54
GGATTC	90
GGATTG	47
GGATTT	108
GGCAAA	24
GGCAAC	10
GGCAAG	10
GGCAAT	26
GGCACA	9
GGCACC	11
GGCACG	6
GGCACT	10
GGCAGA	22
GGCAGC	10
GGCAGG	13
GGCAGT	15
GGCATA	24
GGCATC	17
GGCATG	21
GGCATT	34
GGCCAA	20
GGCCAC	4
GGCCAG	8
GGCCAT	21
GGCCCA	23
GGCCCC	12
GGCCCG	20
GGCCCT	18
GGCCGA	19
GGCCGC	4
GGCCGG	8
GGCCGT	10
GGCCTA	18
GGCCTC	14
GGCCTG	11
GGCCTT	26
GGCGAA	28
GGCGAC	9
GGCGAG	11
GGCGAT	16
GGCGCA	6
GGCGCC	7
GGCGCG	4
GGCGCT	10
GGCGGA	16
GGCGGC	8
GGCGGG	8
GGCGGT	15
GGCGTA	21
GGCGTC	7
GGCGTG	14
GGCGTT	9
GGCTAA	31
GGCTAC	16
GGCTAG	17
GGCTAT	26
GGCTCA	14
GGCTCC	21
GGCTCG	24
GGCTCT	29
GGCTGA	20
GGCTGC	12
GGCTGG	12
GGCTGT	20
GGCTTA	24
GGCTTC	20
GGCTTG	21
GGCTTT	40
GGGAAA	49
GGGAAC	18
GGGAAG	41
GGGAAT	52
GGGACA	22
GGGACC	19
GGGACG	6
GGGACT	13
GGGAGA	34
GGGAGC	22
GGGAGG	26
GGGAGT	24
GGGATA	39
GGGATC	54
GGGATG	30
GGGATT	46
GGGCAA	17
GGGCAC	10
GGGCAG	21
GGGCAT	26
GGGCCA	14
GGGCCC	14
GGGCCG	18
GGGCCT	27
GGGCGA	18
GGGCGC	6
GGGCGG	10
GGGCGT	15
GGGCTA	24
GGGCTC	21
GGGCTG	20
GGGCTT	28
GGGGAA	45
GGGGAC	10
GGGGAG	34
GGGGAT	42
GGGGCA	26
GGGGCC	13
GGGGCG	13
GGGGCT	30
GGGGGA	38
GGGGGC	18
GGGGGG	26
GGGGGT	23
GGGGTA	33
GGGGTC	25
GGGGTG	21
GGGGTT	38
GGGTAA	31
GGGTAC	9
GGGTAG	26
GGGTAT	35
GGGTCA	23
GGGTCC	18
GGGTCG	23
GGGTCT	26
GGGTGA	25
GGGTGC	15
GGGTGG	24
GGGTGT	17
GGGTTA	36
GGGTTC	41
GGGTTG	24
GGGTTT	46
GGTAAA	67
GGTAAC	17
GGTAAG	27
GGTAAT	38
GGTACA	26
GGTACC	14
GGTACG	10
GGTACT	28
GGTAGA	47
GGTAGC	12
GGTAGG	20
GGTAGT	21
GGTATA	49
GGTATC	34
GGTATG	26
GGTATT	61
GGTCAA	32
GGTCAC	10
GGTCAG	20
GGTCAT	18
GGTCCA	34
GGTCCC	19
GGTCCG	25
GGTCCT	29
GGTCGA	15
GGTCGC	11
GGTCGG	17
GGTCGT	19
GGTCTA	25
GGTCTC	14
GGTCTG	27
GGTCTT	37
GGTGAA	32
GGTGAC	10
GGTGAG	12
GGTGAT	22
GGTGCA	14
GGTGCC	13
GGTGCG	8
GGTGCT	25
GGTGGA	38
GGTGGC	8
GGTGGG	22
GGTGGT	12
GGTGTA	19
GGTGTC	13
GGTGTG	17
GGTGTT	18
GGTTAA	37
GGTTAC	19
GGTTAG	20
GGTTAT	45
GGTTCA	62
GGTTCC	34
GGTTCG	35
GGTTCT	42
GGTTGA	35
GGTTGC	13
GGTTGG	21
GGTTGT	20
GGTTTA	37
GGTTTC	37
GGTTTG	39
GGTTTT	65
GTAAAA	75
GTAAAC	37
GTAAAG	47
GTAAAT	63
GTAACA	27
GTAACC	24
GTAACG	20
GTAACT	36
GTAAGA	46
GTAAGC	17
GTAAGG	21
GTAAGT	24
GTAATA	54
GTAATC	39
GTAATG	39
GTAATT	58
GTACAA	35
GTACAC	8
GTACAG	21
GTACAT	42
GTACCA	31
GTACCC	26
GTACCG	10
GTACCT	29
GTACGA	21
GTACGC	4
GTACGG	14
GTACGT	12
GTACTA	24
GTACTC	14
GTACTG	14
GTACTT	34
GTAGAA	47
GTAGAC	18
GTAGAG	40
GTAGAT	47
GTAGCA	36
GTAGCC	12
GTAGCG	8
GTAGCT	32
GTAGGA	36
GTAGGC	11
GTAGGG	20
GTAGGT	29
GTAGTA	37
GTAGTC	11
GTAGTG	22
GTAGTT	30
GTATAA	42
GTATAC	30
GTATAG	40
GTATAT	53
GTATCA	45
GTATCC	35
GTATCG	33
GTATCT	48
GTATGA	37
GTATGC	11
GTATGG	50
GTATGT	19
GTATTA	38
GTATTC	48
GTATTG	45
GTATTT	110
GTCAAA	47
GTCAAC	19
GTCAAG	27
GTCAAT	46
GTCACA	12
GTCACC	16
GTCACG	6
GTCACT	20
GTCAGA	20
GTCAGC	8
GTCAGG	11
GTCAGT	14
GTCATA	23
GTCATC	16
GTCATG	11
GTCATT	39
GTCCAA	44
GTCCAC	12
GTCCAG	18
GTCCAT	40
GTCCCA	26
GTCCCC	15
GTCCCG	13
GTCCCT	19
GTCCGA	26
GTCCGC	12
GTCCGG	12
GTCCGT	12
GTCCTA	22
GTCCTC	17
GTCCTG	16
GTCCTT	28
GTCGAA	34
GTCGAC	12
GTCGAG	15
GTCGAT	24
GTCGCA	16
GTCGCC	11
GTCGCG	6
GTCGCT	9
GTCGGA	23
GTCGGC	11
GTCGGG	8
GTCGGT	15
GTCGTA	12
GTCGTC	6
GTCGTG	14
GTCGTT	23
GTCTAA	24
GTCTAC	15
GTCTAG	11
GTCTAT	40
GTCTCA	21
GTCTCC	10
GTCTCG	18
GTCTCT	36
GTCTGA	22
GTCTGC	13
GTCTGG	16
GTCTGT	25
GTCTTA	26
GTCTTC	31
GTCTTG	18
GTCTTT	50
GTGAAA	70
GTGAAC	21
GTGAAG	24
GTGAAT	45
GTGACA	16
GTGACC	10
GTGACG	11
GTGACT	18
GTGAGA	21
GTGAGC	9
GTGAGG	19
GTGAGT	16
GTGATA	33
GTGATC	30
GTGATG	25
GTGATT	40
GTGCAA	19
GTGCAC	2
GTGCAG	13
GTGCAT	18
GTGCCA	13
GTGCCC	10
GTGCCG	6
GTGCCT	14
GTGCGA	7
GTGCGC	3
GTGCGG	10
GTGCGT	9
GTGCTA	22
GTGCTC	25
GTGCTG	12
GTGCTT	26
GTGGAA	48
GTGGAC	20
GTGGAG	21
GTGGAT	50
GTGGCA	10
GTGGCC	6
GTGGCG	9
GTGGCT	16
GTGGGA	21
GTGGGC	12
GTGGGG	16
GTGGGT	22
GTGGTA	23
GTGGTC	11
GTGGTG	18
GTGGTT	23
GTGTAA	26
GTGTAC	15
GTGTAG	12
GTGTAT	26
GTGTCA	23
GTGTCC	16
GTGTCG	15
GTGTCT	15
GTGTGA	28
GTGTGC	7
GTGTGG	18
GTGTGT	12
GTGTTA	10
GTGTTC	14
GTGTTG	18
GTGTTT	34
GTTAAA	29
GTTAAC	15
GTTAAG	27
GTTAAT	52
GTTACA	39
GTTACC	11
GTTACG	17
GTTACT	40
GTTAGA	33
GTTAGC	17
GTTAGG	14
GTTAGT	16
GTTATA	33
GTTATC	34
GTTATG	38
GTTATT	76
GTTCAA	79
GTTCAC	22
GTTCAG	25
GTTCAT	69
GTTCCA	58
GTTCCC	20
GTTCCG	37
GTTCCT	73
GTTCGA	52
GTTCGC	12
GTTCGG	26
GTTCGT	18
GTTCTA	49
GTTCTC	27
GTTCTG	31
GTTCTT	72
GTTGAA	57
GTTGAC	24
GTTGAG	33
GTTGAT	54
GTTGCA	18
GTTGCC	11
GTTGCG	12
GTTGCT	27
GTTGGA	41
GTTGGC	11
GTTGGG	22
GTTGGT	36
GTTGTA	32
GTTGTC	16
GTTGTG	24
GTTGTT	55
GTTTAA	26
GTTTAC	25
GTTTAG	29
GTTTAT	47
GTTTCA	55
GTTTCC	40
GTTTCG	27
GTTTCT	65
GTTTGA	55
GTTTGC	20
GTTTGG	30
GTTTGT	30
GTTTTA	46
GTTTTC	52
GTTTTG	49
GTTTTT	112
TAAAAA	190
TAAAAC	38
TAAAAG	76
TAAAAT	123
TAAACA	39
TAAACC	43
TAAACG	26
TAAACT	40
TAAAGA	81
TAAAGC	38
TAAAGG	40
TAAAGT	42
TAAATA	115
TAAATC	75
TAAATG	74
TAAATT	80
TAACAA	51
TAACAC	12
TAACAG	27
TAACAT	49
TAACCA	55
TAACCC	38
TAACCG	23
TAACCT	19
TAACGA	28
TAACGC	14
TAACGG	16
TAACGT	10
TAACTA	47
TAACTC	44
TAACTG	25
TAACTT	46
TAAGAA	120
TAAGAC	29
TAAGAG	38
TAAGAT	59
TAAGCA	27
TAAGCC	22
TAAGCG	16
TAAGCT	24
TAAGGA	36
TAAGGC	21
TAAGGG	28
TAAGGT	24
TAAGTA	51
TAAGTC	27
TAAGTG	29
TAAGTT	35
TAATAA	92
TAATAC	45
TAATAG	75
TAATAT	80
TAATCA	52
TAATCC	69
TAATCG	47
TAATCT	52
TAATGA	87
TAATGC	33
TAATGG	45
TAATGT	33
TAATTA	72
TAATTC	97
TAATTG	97
TAATTT	102
TACAAA	75
TACAAC	33
TACAAG	42
TACAAT	61
TACACA	27
TACACC	18
TACACG	15
TACACT	18
TACAGA	43
TACAGC	18
TACAGG	27
TACAGT	21
TACATA	82
TACATC	46
TACATG	36
TACATT	49
TACCAA	62
TACCAC	22
TACCAG	19
TACCAT	54
TACCCA	35
TACCCC	34
TACCCG	15
TACCCT	27
TACCGA	24
TACCGC	14
TACCGG	18
TACCGT	19
TACCTA	41
TACCTC	32
TACCTG	28
TACCTT	37
TACGAA	55
TACGAC	20
TACGAG	17
TACGAT	28
TACGCA	9
TACGCC	19
TACGCG	6
TACGCT	10
TACGGA	24
TACGGC	25
TACGGG	19
TACGGT	19
TACGTA	25
TACGTC	22
TACGTG	12
TACGTT	19
TACTAA	64
TACTAC	31
TACTAG	29
TACTAT	61
TACTCA	30
TACTCC	33
TACTCG	18
TACTCT	40
TACTGA	31
TACTGC	28
TACTGG	18
TACTGT	21
TACTTA	46
TACTTC	79
TACTTG	41
TACTTT	56
TAGAAA	144
TAGAAC	58
TAGAAG	57
TAGAAT	107
TAGACA	32
TAGACC	29
TAGACG	20
TAGACT	22
TAGAGA	60
TAGAGC	28
TAGAGG	27
TAGAGT	43
TAGATA	99
TAGATC	66
TAGATG	42
TAGATT	72
TAGCAA	38
TAGCAC	19
TAGCAG	36
TAGCAT	33
TAGCCA	29
TAGCCC	25
TAGCCG	15
TAGCCT	13
TAGCGA	16
TAGCGC	4
TAGCGG	18
TAGCGT	5
TAGCTA	43
TAGCTC	31
TAGCTG	24
TAGCTT	30
TAGGAA	68
TAGGAC	20
TAGGAG	28
TAGGAT	69
TAGGCA	20
TAGGCC	18
TAGGCG	12
TAGGCT	16
TAGGGA	29
TAGGGC	21
TAGGGG	28
TAGGGT	26
TAGGTA	47
TAGGTC	30
TAGGTG	17
TAGGTT	39
TAGTAA	60
TAGTAC	20
TAGTAG	38
TAGTAT	64
TAGTCA	26
TAGTCC	22
TAGTCG	15
TAGTCT	27
TAGTGA	50
TAGTGC	15
TAGTGG	25
TAGTGT	32
TAGTTA	60
TAGTTC	48
TAGTTG	45
TAGTTT	44
TATAAA	95
TATAAC	51
TATAAG	45
TATAAT	87
TATACA	55
TATACC	35
TATACG	28
TATACT	34
TATAGA	85
TATAGC	27
TATAGG	37
TATAGT	52
TATATA	114
TATATC	66
TATATG	64
TATATT	83
TATCAA	100
TATCAC	31
TATCAG	36
TATCAT	81
TATCCA	69
TATCCC	42
TATCCG	29
TATCCT	43
TATCGA	49
TATCGC	11
TATCGG	27
TATCGT	33
TATCTA	85
TATCTC	65
TATCTG	49
TATCTT	103
TATGAA	101
TATGAC	25
TATGAG	42
TATGAT	82
TATGCA	26
TATGCC	25
TATGCG	10
TATGCT	23
TATGGA	79
TATGGC	19
TATGGG	39
TATGGT	31
TATGTA	48
TATGTC	21
TATGTG	28
TATGTT	44
TATTAA	72
TATTAC	50
TATTAG	60
TATTAT	95
TATTCA	110
TATTCC	85
TATTCG	51
TATTCT	108
TATTGA	102
TATTGC	34
TATTGG	71
TATTGT	64
TATTTA	107
TATTTC	178
TATTTG	113
TATTTT	231
TCAAAA	153
TCAAAC	55
TCAAAG	61
TCAAAT	148
TCAACA	45
TCAACC	36
TCAACG	24
TCAACT	43
TCAAGA	72
TCAAGC	20
TCAAGG	27
TCAAGT	50
TCAATA	109
TCAATC	74
TCAATG	67
TCAATT	147
TCACAA	41
TCACAC	26
TCACAG	18
TCACAT	48
TCACCA	24
TCACCC	29
TCACCG	11
TCACCT	20
TCACGA	22
TCACGC	7
TCACGG	15
TCACGT	15
TCACTA	36
TCACTC	28
TCACTG	29
TCACTT	42
TCAGAA	70
TCAGAC	15
TCAGAG	34
TCAGAT	43
TCAGCA	31
TCAGCC	26
TCAGCG	8
TCAGCT	8
TCAGGA	32
TCAGGC	14
TCAGGG	21
TCAGGT	19
TCAGTA	26
TCAGTC	19
TCAGTG	21
TCAGTT	38
TCATAA	74
TCATAC	45
TCATAG	53
TCATAT	97
TCATCA	58
TCATCC	48
TCATCG	28
TCATCT	52
TCATGA	57
TCATGC	21
TCATGG	51
TCATGT	35
TCATTA	92
TCATTC	88
TCATTG	59
TCATTT	153
TCCAAA	101
TCCAAC	40
TCCAAG	52
TCCAAT	123
TCCACA	42
TCCACC	30
TCCACG	22
TCCACT	45
TCCAGA	40
TCCAGC	22
TCCAGG	34
TCCAGT	44
TCCATA	91
TCCATC	55
TCCATG	54
TCCATT	130
TCCCAA	62
TCCCAC	21
TCCCAG	21
TCCCAT	68
TCCCCA	50
TCCCCC	31
TCCCCG	17
TCCCCT	42
TCCCGA	43
TCCCGC	12
TCCCGG	26
TCCCGT	23
TCCCTA	31
TCCCTC	40
TCCCTG	18
TCCCTT	66
TCCGAA	47
TCCGAC	21
TCCGAG	26
TCCGAT	45
TCCGCA	22
TCCGCC	28
TCCGCG	11
TCCGCT	25
TCCGGA	25
TCCGGC	23
TCCGGG	27
TCCGGT	23
TCCGTA	25
TCCGTC	17
TCCGTG	17
TCCGTT	46
TCCTAA	51
TCCTAC	40
TCCTAG	34
TCCTAT	85
TCCTCA	31
TCCTCC	45
TCCTCG	37
TCCTCT	63
TCCTGA	46
TCCTGC	25
TCCTGG	33
TCCTGT	41
TCCTTA	49
TCCTTC	65
TCCTTG	58
TCCTTT	126
TCGAAA	77
TCGAAC	56
TCGAAG	48
TCGAAT	110
TCGACA	23
TCGACC	25
TCGACG	19
TCGACT	27
TCGAGA	52
TCGAGC	23
TCGAGG	13
TCGAGT	29
TCGATA	57
TCGATC	59
TCGATG	34
TCGATT	87
TCGCAA	20
TCGCAC	12
TCGCAG	9
TCGCAT	17
TCGCCA	19
TCGCCC	21
TCGCCG	7
TCGCCT	16
TCGCGA	13
TCGCGC	7
TCGCGG	18
TCGCGT	7
TCGCTA	14
TCGCTC	21
TCGCTG	10
TCGCTT	20
TCGGAA	53
TCGGAC	23
TCGGAG	20
TCGGAT	44
TCGGCA	16
TCGGCC	15
TCGGCG	9
TCGGCT	20
TCGGGA	32
TCGGGC	13
TCGGGG	28
TCGGGT	22
TCGGTA	28
TCGGTC	26
TCGGTG	16
TCGGTT	40
TCGTAA	42
TCGTAC	23
TCGTAG	27
TCGTAT	49
TCGTCA	19
TCGTCC	23
TCGTCG	19
TCGTCT	13
TCGTGA	28
TCGTGC	15
TCGTGG	16
TCGTGT	22
TCGTTA	25
TCGTTC	38
TCGTTG	34
TCGTTT	51
TCTAAA	61
TCTAAC	36
TCTAAG	40
TCTAAT	81
TCTACA	36
TCTACC	51
TCTACG	22
TCTACT	43
TCTAGA	42
TCTAGC	19
TCTAGG	39
TCTAGT	43
TCTATA	87
TCTATC	81
TCTATG	48
TCTATT	164
TCTCAA	60
TCTCAC	23
TCTCAG	31
TCTCAT	67
TCTCCA	42
TCTCCC	38
TCTCCG	30
TCTCCT	43
TCTCGA	54
TCTCGC	20
TCTCGG	28
TCTCGT	24
TCTCTA	48
TCTCTC	62
TCTCTG	28
TCTCTT	118
TCTGAA	60
TCTGAC	29
TCTGAG	32
TCTGAT	63
TCTGCA	25
TCTGCC	26
TCTGCG	9
TCTGCT	39
TCTGGA	46
TCTGGC	18
TCTGGG	28
TCTGGT	39
TCTGTA	40
TCTGTC	32
TCTGTG	24
TCTGTT	60
TCTTAA	54
TCTTAC	45
TCTTAG	45
TCTTAT	79
TCTTCA	65
TCTTCC	82
TCTTCG	46
TCTTCT	118
TCTTGA	88
TCTTGC	30
TCTTGG	47
TCTTGT	73
TCTTTA	85
TCTTTC	164
TCTTTG	97
TCTTTT	260
TGAAAA	132
TGAAAC	64
TGAAAG	86
TGAAAT	125
TGAACA	53
TGAACC	55
TGAACG	18
TGAACT	63
TGAAGA	67
TGAAGC	29
TGAAGG	23
TGAAGT	48
TGAATA	113
TGAATC	119
TGAATG	60
TGAATT	127
TGACAA	29
TGACAC	15
TGACAG	18
TGACAT	34
TGACCA	40
TGACCC	37
TGACCG	12
TGACCT	31
TGACGA	21
TGACGC	5
TGACGG	14
TGACGT	15
TGACTA	32
TGACTC	31
TGACTG	28
TGACTT	41
TGAGAA	60
TGAGAC	23
TGAGAG	30
TGAGAT	62
TGAGCA	36
TGAGCC	23
TGAGCG	10
TGAGCT	32
TGAGGA	35
TGAGGC	16
TGAGGG	19
TGAGGT	23
TGAGTA	39
TGAGTC	26
TGAGTG	18
TGAGTT	50
TGATAA	89
TGATAC	48
TGATAG	49
TGATAT	77
TGATCA	72
TGATCC	68
TGATCG	30
TGATCT	56
TGATGA	67
TGATGC	23
TGATGG	32
TGATGT	29
TGATTA	54
TGATTC	114
TGATTG	74
TGATTT	109
TGCAAA	42
TGCAAC	15
TGCAAG	25
TGCAAT	44
TGCACA	9
TGCACC	18
TGCACG	8
TGCACT	14
TGCAGA	23
TGCAGC	13
TGCAGG	8
TGCAGT	19
TGCATA	38
TGCATC	30
TGCATG	24
TGCATT	41
TGCCAA	30
TGCCAC	13
TGCCAG	8
TGCCAT	32
TGCCCA	23
TGCCCC	25
TGCCCG	12
TGCCCT	21
TGCCGA	15
TGCCGC	13
TGCCGG	9
TGCCGT	8
TGCCTA	22
TGCCTC	19
TGCCTG	14
TGCCTT	25
TGCGAA	22
TGCGAC	2
TGCGAG	10
TGCGAT	10
TGCGCA	9
TGCGCC	12
TGCGCG	7
TGCGCT	12
TGCGGA	17
TGCGGC	6
TGCGGG	15
TGCGGT	17
TGCGTA	11
TGCGTC	11
TGCGTG	7
TGCGTT	15
TGCTAA	30
TGCTAC	37
TGCTAG	21
TGCTAT	30
TGCTCA	21
TGCTCC	25
TGCTCG	17
TGCTCT	34
TGCTGA	22
TGCTGC	20
TGCTGG	11
TGCTGT	19
TGCTTA	23
TGCTTC	48
TGCTTG	41
TGCTTT	66
TGGAAA	92
TGGAAC	49
TGGAAG	54
TGGAAT	121
TGGACA	28
TGGACC	26
TGGACG	18
TGGACT	23
TGGAGA	42
TGGAGC	16
TGGAGG	20
TGGAGT	39
TGGATA	84
TGGATC	72
TGGATG	49
TGGATT	109
TGGCAA	15
TGGCAC	10
TGGCAG	17
TGGCAT	29
TGGCCA	19
TGGCCC	18
TGGCCG	12
TGGCCT	12
TGGCGA	17
TGGCGC	6
TGGCGG	9
TGGCGT	13
TGGCTA	30
TGGCTC	30
TGGCTG	21
TGGCTT	34
TGGGAA	32
TGGGAC	23
TGGGAG	30
TGGGAT	48
TGGGCA	20
TGGGCC	21
TGGGCG	14
TGGGCT	31
TGGGGA	37
TGGGGC	19
TGGGGG	24
TGGGGT	40
TGGGTA	31
TGGGTC	26
TGGGTG	30
TGGGTT	46
TGGTAA	51
TGGTAC	24
TGGTAG	30
TGGTAT	56
TGGTCA	21
TGGTCC	37
TGGTCG	17
TGGTCT	27
TGGTGA	26
TGGTGC	18
TGGTGG	23
TGGTGT	22
TGGTTA	50
TGGTTC	55
TGGTTG	29
TGGTTT	53
TGTAAA	60
TGTAAC	37
TGTAAG	20
TGTAAT	45
TGTACA	37
TGTACC	27
TGTACG	14
TGTACT	18
TGTAGA	36
TGTAGC	27
TGTAGG	33
TGTAGT	20
TGTATA	55
TGTATC	53
TGTATG	42
TGTATT	67
TGTCAA	45
TGTCAC	15
TGTCAG	10
TGTCAT	27
TGTCCA	35
TGTCCC	20
TGTCCG	14
TGTCCT	21
TGTCGA	18
TGTCGC	9
TGTCGG	15
TGTCGT	9
TGTCTA	38
TGTCTC	32
TGTCTG	23
TGTCTT	43
TGTGAA	51
TGTGAC	11
TGTGAG	14
TGTGAT	42
TGTGCA	13
TGTGCC	16
TGTGCG	8
TGTGCT	19
TGTGGA	30
TGTGGC	12
TGTGGG	20
TGTGGT	22
TGTGTA	29
TGTGTC	23
TGTGTG	14
TGTGTT	24
TGTTAA	37
TGTTAC	30
TGTTAG	15
TGTTAT	59
TGTTCA	53
TGTTCC	75
TGTTCG	29
TGTTCT	48
TGTTGA	55
TGTTGC	21
TGTTGG	33
TGTTGT	46
TGTTTA	38
TGTTTC	65
TGTTTG	38
TGTTTT	83
TTAAAA	79
TTAAAC	28
TTAAAG	38
TTAAAT	67
TTAACA	37
TTAACC	39
TTAACG	16
TTAACT	32
TTAAGA	55
TTAAGC	14
TTAAGG	21
TTAAGT	21
TTAATA	72
TTAATC	64
TTAATG	39
TTAATT	107
TTACAA	58
TTACAC	16
TTACAG	23
TTACAT	51
TTACCA	41
TTACCC	27
TTACCG	18
TTACCT	37
TTACGA	26
TTACGC	16
TTACGG	25
TTACGT	22
TTACTA	73
TTACTC	41
TTACTG	27
TTACTT	77
TTAGAA	91
TTAGAC	26
TTAGAG	29
TTAGAT	68
TTAGCA	28
TTAGCC	24
TTAGCG	12
TTAGCT	29
TTAGGA	38
TTAGGC	15
TTAGGG	20
TTAGGT	33
TTAGTA	49
TTAGTC	33
TTAGTG	32
TTAGTT	59
TTATAA	64
TTATAC	33
TTATAG	51
TTATAT	75
TTATCA	83
TTATCC	57
TTATCG	28
TTATCT	80
TTATGA	73
TTATGC	34
TTATGG	39
TTATGT	47
TTATTA	97
TTATTC	112
TTATTG	84
TTATTT	198
TTCAAA	151
TTCAAC	56
TTCAAG	77
TTCAAT	140
TTCACA	60
TTCACC	35
TTCACG	26
TTCACT	48
TTCAGA	59
TTCAGC	24
TTCAGG	35
TTCAGT	32
TTCATA	117
TTCATC	86
TTCATG	77
TTCATT	190
TTCCAA	127
TTCCAC	54
TTCCAG	49
TTCCAT	140
TTCCCA	52
TTCCCC	48
TTCCCG	40
TTCCCT	52
TTCCGA	48
TTCCGC	30
TTCCGG	40
TTCCGT	41
TTCCTA	84
TTCCTC	84
TTCCTG	54
TTCCTT	136
TTCGAA	114
TTCGAC	33
TTCGAG	45
TTCGAT	98
TTCGCA	19
TTCGCC	23
TTCGCG	16
TTCGCT	23
TTCGGA	49
TTCGGC	23
TTCGGG	43
TTCGGT	36
TTCGTA	60
TTCGTC	35
TTCGTG	27
TTCGTT	66
TTCTAA	91
TTCTAC	56
TTCTAG	68
TTCTAT	146
TTCTCA	68
TTCTCC	62
TTCTCG	55
TTCTCT	96
TTCTGA	69
TTCTGC	42
TTCTGG	52
TTCTGT	73
TTCTTA	105
TTCTTC	151
TTCTTG	109
TTCTTT	274
TTGAAA	142
TTGAAC	71
TTGAAG	58
TTGAAT	164
TTGACA	37
TTGACC	60
TTGACG	22
TTGACT	55
TTGAGA	58
TTGAGC	33
TTGAGG	27
TTGAGT	53
TTGATA	107
TTGATC	94
TTGATG	54
TTGATT	166
TTGCAA	42
TTGCAC	15
TTGCAG	15
TTGCAT	41
TTGCCA	28
TTGCCC	23
TTGCCG	16
TTGCCT	20
TTGCGA	17
TTGCGC	14
TTGCGG	19
TTGCGT	11
TTGCTA	30
TTGCTC	34
TTGCTG	26
TTGCTT	62
TTGGAA	105
TTGGAC	27
TTGGAG	40
TTGGAT	104
TTGGCA	27
TTGGCC	21
TTGGCG	16
TTGGCT	50
TTGGGA	46
TTGGGC	32
TTGGGG	44
TTGGGT	46
TTGGTA	69
TTGGTC	38
TTGGTG	35
TTGGTT	86
TTGTAA	60
TTGTAC	39
TTGTAG	42
TTGTAT	88
TTGTCA	35
TTGTCC	34
TTGTCG	18
TTGTCT	58
TTGTGA	39
TTGTGC	23
TTGTGG	31
TTGTGT	34
TTGTTA	64
TTGTTC	104
TTGTTG	78
TTGTTT	107
TTTAAA	74
TTTAAC	39
TTTAAG	29
TTTAAT	72
TTTACA	50
TTTACC	51
TTTACG	30
TTTACT	69
TTTAGA	60
TTTAGC	29
TTTAGG	40
TTTAGT	53
TTTATA	85
TTTATC	104
TTTATG	65
TTTATT	191
TTTCAA	134
TTTCAC	58
TTTCAG	55
TTTCAT	173
TTTCCA	122
TTTCCC	70
TTTCCG	50
TTTCCT	91
TTTCGA	93
TTTCGC	34
TTTCGG	52
TTTCGT	80
TTTCTA	155
TTTCTC	123
TTTCTG	79
TTTCTT	256
TTTGAA	150
TTTGAC	58
TTTGAG	59
TTTGAT	164
TTTGCA	39
TTTGCC	35
TTTGCG	11
TTTGCT	52
TTTGGA	88
TTTGGC	40
TTTGGG	48
TTTGGT	74
TTTGTA	83
TTTGTC	73
TTTGTG	47
TTTGTT	128
TTTTAA	69
TTTTAC	77
TTTTAG	76
TTTTAT	178
TTTTCA	127
TTTTCC	125
TTTTCG	85
TTTTCT	221
TTTTGA	168
TTTTGC	50
TTTTGG	103
TTTTGT	156
TTTTTA	187
TTTTTC	261
TTTTTG	210
TTTTTT	630
